"","rowID","FlightDate","TailNum","FlightNum","OriginAirportID","OriginCityName","DestAirportID","DestCityName","DestStateName","DepTime","DepDelay","DepDelayMinutes","DepDel15","DepartureDelayGroups","DepTimeBlk","TaxiOut","WheelsOff","WheelsOn","TaxiIn","CRSArrTime","ArrTime","ArrDelay","ArrDelayMinutes","ArrDel15","ArrivalDelayGroups","ArrTimeBlk","CarrierDelay","WeatherDelay","NASDelay","SecurityDelay","LateAircraftDelay","rotational","nonrotational","useless","fixeddelay"
"257529",257529,0015-02-17,"N654AW",597,12478,"New York, NY",14107,"Phoenix, AZ","Arizona",1053,54,54,1,3,"0900-0959",48,1141,1429,4,1336,1433,57,57,1,3,"1300-1359",0,54,3,0,0,0,0,1,NA
"257530",257530,0015-02-17,"N654AW",597,14107,"Phoenix, AZ",14831,"San Jose, CA","California",1555,80,80,1,5,"1400-1459",10,1605,1629,3,1530,1632,62,62,1,4,"1500-1559",25,0,0,0,37,1,0,0,NA
"257555",257555,0015-02-17,"N198UW",612,14107,"Phoenix, AZ",10397,"Atlanta, GA","Georgia",1424,59,59,1,3,"1300-1359",14,1438,1950,13,1855,2003,68,68,1,4,"1800-1859",0,0,9,0,59,1,0,0,NA
"257556",257556,0015-02-17,"N745VJ",613,10397,"Atlanta, GA",14100,"Philadelphia, PA","Pennsylvania",1022,107,107,1,7,"0800-0859",15,1037,1159,11,1037,1210,93,93,1,6,"1000-1059",0,0,93,0,0,0,0,1,NA
"257557",257557,0015-02-17,"N156UW",614,12892,"Los Angeles, CA",14107,"Phoenix, AZ","Arizona",1329,44,44,1,2,"1200-1259",17,1346,1549,9,1508,1558,50,50,1,3,"1500-1559",16,0,6,0,28,1,0,0,NA
"257558",257558,0015-02-17,"N156UW",614,14107,"Phoenix, AZ",10397,"Atlanta, GA","Georgia",1646,31,31,1,2,"1600-1659",10,1656,2153,6,2141,2159,18,18,1,1,"2100-2159",18,0,0,0,0,0,1,0,NA
"257564",257564,0015-02-17,"N602AW",621,14107,"Phoenix, AZ",14908,"Santa Ana, CA","California",1138,18,18,1,1,"1100-1159",13,1151,1147,5,1146,1152,6,6,0,0,"1100-1159",NA,NA,NA,NA,NA,0,0,0,1
"257573",257573,0015-02-17,"N153UW",628,11057,"Charlotte, NC",14107,"Phoenix, AZ","Arizona",1329,29,29,1,1,"1300-1359",21,1350,1547,6,1538,1553,15,15,1,1,"1500-1559",0,15,0,0,0,0,0,1,NA
"257575",257575,0015-02-17,"N197UW",629,10721,"Boston, MA",14107,"Phoenix, AZ","Arizona",1653,35,35,1,2,"1600-1659",57,1750,2101,6,2015,2107,52,52,1,3,"2000-2059",0,0,52,0,0,0,0,1,NA
"257578",257578,0015-02-17,"N193UW",629,14107,"Phoenix, AZ",14908,"Santa Ana, CA","California",2142,27,27,1,1,"2100-2159",11,2153,2144,5,2134,2149,15,15,1,1,"2100-2159",15,0,0,0,0,0,1,0,NA
"257579",257579,0015-02-17,"N587UW",630,14107,"Phoenix, AZ",12478,"New York, NY","New York",1432,42,42,1,2,"1300-1359",23,1455,2116,14,2030,2130,60,60,1,4,"2000-2059",6,0,18,0,36,1,0,0,NA
"257580",257580,0015-02-17,"N758US",634,11884,"Spokane, WA",14107,"Phoenix, AZ","Arizona",1150,25,25,1,1,"1100-1159",16,1206,1507,4,1457,1511,14,14,0,0,"1400-1459",NA,NA,NA,NA,NA,0,0,0,1
"257581",257581,0015-02-17,"N758US",634,14107,"Phoenix, AZ",14122,"Pittsburgh, PA","Pennsylvania",1614,19,19,1,1,"1500-1559",13,1627,2207,6,2142,2213,31,31,1,2,"2100-2159",18,0,12,0,1,1,0,0,NA
"257585",257585,0015-02-17,"N507AY",637,11057,"Charlotte, NC",12889,"Las Vegas, NV","Nevada",1818,108,108,1,7,"1600-1659",11,1829,1947,6,1828,1953,85,85,1,5,"1800-1859",85,0,0,0,0,0,1,0,NA
"257588",257588,0015-02-17,"N564UW",639,12478,"New York, NY",14107,"Phoenix, AZ","Arizona",1752,92,92,1,6,"1600-1659",26,1818,2114,5,2004,2119,75,75,1,5,"2000-2059",0,4,0,0,71,1,0,0,NA
"257589",257589,0015-02-17,"N564UW",639,14107,"Phoenix, AZ",13891,"Ontario, CA","California",2209,70,70,1,4,"2000-2059",11,2220,2207,5,2111,2212,61,61,1,4,"2100-2159",61,0,0,0,0,0,1,0,NA
"257602",257602,0015-02-17,"N908AW",649,14107,"Phoenix, AZ",11298,"Dallas/Fort Worth, TX","Texas",1015,21,21,1,1,"0900-0959",21,1036,1325,11,1320,1336,16,16,1,1,"1300-1359",16,0,0,0,0,0,1,0,NA
"257605",257605,0015-02-17,"N803AW",653,10423,"Austin, TX",14107,"Phoenix, AZ","Arizona",1717,95,95,1,6,"1500-1559",15,1732,1835,6,1715,1841,86,86,1,5,"1700-1759",0,0,0,0,86,1,0,0,NA
"257606",257606,0015-02-17,"N752US",653,14107,"Phoenix, AZ",10299,"Anchorage, AK","Alaska",1909,54,54,1,3,"1800-1859",15,1924,2241,4,2212,2245,33,33,1,2,"2200-2259",2,0,0,0,31,1,0,0,NA
"257607",257607,0015-02-17,"N562UW",654,12478,"New York, NY",14107,"Phoenix, AZ","Arizona",1747,257,257,1,12,"1300-1359",24,1811,2058,10,1713,2108,235,235,1,12,"1700-1759",0,235,0,0,0,0,0,1,NA
"257608",257608,0015-02-17,"N902AW",654,14107,"Phoenix, AZ",14679,"San Diego, CA","California",1843,33,33,1,2,"1800-1859",16,1859,1845,2,1819,1847,28,28,1,1,"1800-1859",28,0,0,0,0,0,1,0,NA
"257609",257609,0015-02-17,"N121UW",657,10397,"Atlanta, GA",11057,"Charlotte, NC","North Carolina",1130,50,50,1,3,"1000-1059",35,1205,1242,8,1158,1250,52,52,1,3,"1100-1159",0,0,52,0,0,0,0,1,NA
"257610",257610,0015-02-17,"N121UW",657,11057,"Charlotte, NC",12266,"Houston, TX","Texas",1345,40,40,1,2,"1300-1359",20,1405,1537,6,1454,1543,49,49,1,3,"1400-1459",0,5,9,0,35,1,0,0,NA
"257612",257612,0015-02-17,"N557UW",658,11057,"Charlotte, NC",12889,"Las Vegas, NV","Nevada",857,57,57,1,3,"0800-0859",24,921,1052,6,1004,1058,54,54,1,3,"1000-1059",0,54,0,0,0,0,0,1,NA
"257624",257624,0015-02-17,"N659AW",673,11057,"Charlotte, NC",12266,"Houston, TX","Texas",2048,23,23,1,1,"2000-2059",14,2102,2234,7,2214,2241,27,27,1,1,"2200-2259",23,0,4,0,0,0,1,0,NA
"257630",257630,0015-02-17,"N119US",678,14843,"San Juan, PR",14100,"Philadelphia, PA","Pennsylvania",1417,47,47,1,3,"1300-1359",11,1428,1702,6,1637,1708,31,31,1,2,"1600-1659",1,0,0,0,30,1,0,0,NA
"257632",257632,0015-02-17,"N171US",679,14107,"Phoenix, AZ",14679,"San Diego, CA","California",1629,89,89,1,5,"1500-1559",11,1640,1625,4,1510,1629,79,79,1,5,"1500-1559",79,0,0,0,0,0,1,0,NA
"257638",257638,0015-02-17,"N524UW",686,14107,"Phoenix, AZ",14771,"San Francisco, CA","California",1936,98,98,1,6,"1700-1759",12,1948,2019,5,1903,2024,81,81,1,5,"1900-1959",0,0,0,0,81,1,0,0,NA
"257642",257642,0015-02-17,"N540UW",690,11057,"Charlotte, NC",14107,"Phoenix, AZ","Arizona",1344,144,144,1,9,"1100-1159",33,1417,1637,4,1401,1641,160,160,1,10,"1400-1459",0,63,16,0,81,1,0,0,NA
"257643",257643,0015-02-17,"N916US",690,14635,"Fort Myers, FL",11057,"Charlotte, NC","North Carolina",1003,103,103,1,6,"0800-0859",12,1015,1143,8,1016,1151,95,95,1,6,"1000-1059",0,95,0,0,0,0,0,1,NA
"257649",257649,0015-02-17,"N523UW",695,11057,"Charlotte, NC",14107,"Phoenix, AZ","Arizona",1526,61,61,1,4,"1400-1459",16,1542,1750,5,1705,1755,50,50,1,3,"1700-1759",50,0,0,0,0,0,1,0,NA
"257650",257650,0015-02-17,"N523UW",695,14107,"Phoenix, AZ",12892,"Los Angeles, CA","California",1852,47,47,1,3,"1800-1859",26,1918,1910,8,1831,1918,47,47,1,3,"1800-1859",2,0,0,0,45,1,0,0,NA
"257651",257651,0015-02-17,"N523UW",695,15304,"Tampa, FL",11057,"Charlotte, NC","North Carolina",1253,73,73,1,4,"1100-1159",19,1312,1426,9,1322,1435,73,73,1,4,"1300-1359",0,0,0,0,73,1,0,0,NA
"257654",257654,0015-02-17,"N812AW",699,14492,"Raleigh/Durham, NC",12892,"Los Angeles, CA","California",1726,41,41,1,2,"1600-1659",26,1752,2000,12,1937,2012,35,35,1,2,"1900-1959",35,0,0,0,0,0,1,0,NA
"257656",257656,0015-02-17,"N541UW",704,12892,"Los Angeles, CA",11057,"Charlotte, NC","North Carolina",1341,116,116,1,7,"1100-1159",18,1359,2107,11,1915,2118,123,123,1,8,"1900-1959",0,0,7,0,116,1,0,0,NA
"257657",257657,0015-02-17,"N559UW",705,11057,"Charlotte, NC",12889,"Las Vegas, NV","Nevada",1856,51,51,1,3,"1800-1859",15,1911,2041,7,2005,2048,43,43,1,2,"2000-2059",3,0,0,0,40,1,0,0,NA
"257658",257658,0015-02-17,"N557UW",706,12889,"Las Vegas, NV",11057,"Charlotte, NC","North Carolina",1212,37,37,1,2,"1100-1159",17,1229,1857,7,1846,1904,18,18,1,1,"1800-1859",9,0,0,0,9,1,0,0,NA
"257661",257661,0015-02-17,"N270AY",710,13303,"Miami, FL",14100,"Philadelphia, PA","Pennsylvania",1635,155,155,1,10,"1400-1459",25,1700,1902,5,1644,1907,143,143,1,9,"1600-1659",41,0,0,0,102,1,0,0,NA
"257662",257662,0015-02-17,"N941UW",711,14100,"Philadelphia, PA",13303,"Miami, FL","Florida",1638,63,63,1,4,"1500-1559",14,1652,1930,6,1828,1936,68,68,1,4,"1800-1859",63,0,5,0,0,0,1,0,NA
"257664",257664,0015-02-17,"N724UW",713,11057,"Charlotte, NC",13487,"Minneapolis, MN","Minnesota",1158,38,38,1,2,"1100-1159",20,1218,1335,3,1304,1338,34,34,1,2,"1300-1359",0,34,0,0,0,0,0,1,NA
"257665",257665,0015-02-17,"N769US",713,12451,"Jacksonville, FL",11057,"Charlotte, NC","North Carolina",1345,300,300,1,12,"0800-0859",14,1359,1454,9,1014,1503,289,289,1,12,"1000-1059",289,0,0,0,0,0,1,0,NA
"257668",257668,0015-02-17,"N556UW",716,11057,"Charlotte, NC",14100,"Philadelphia, PA","Pennsylvania",1530,40,40,1,2,"1400-1459",17,1547,1649,8,1630,1657,27,27,1,1,"1600-1659",7,0,0,0,20,1,0,0,NA
"257671",257671,0015-02-17,"N556UW",719,14100,"Philadelphia, PA",14771,"San Francisco, CA","California",1817,17,17,1,1,"1800-1859",27,1844,2124,9,2127,2133,6,6,0,0,"2100-2159",NA,NA,NA,NA,NA,0,0,0,1
"257673",257673,0015-02-17,"N174US",721,11057,"Charlotte, NC",12892,"Los Angeles, CA","California",1836,36,36,1,2,"1800-1859",13,1849,2037,16,2028,2053,25,25,1,1,"2000-2059",25,0,0,0,0,0,1,0,NA
"257676",257676,0015-02-17,"N545UW",725,11057,"Charlotte, NC",13204,"Orlando, FL","Florida",1545,60,60,1,4,"1400-1459",36,1621,1744,17,1625,1801,96,96,1,6,"1600-1659",60,0,36,0,0,0,1,0,NA
"257679",257679,0015-02-17,"N624AW",731,11057,"Charlotte, NC",13303,"Miami, FL","Florida",1909,64,64,1,4,"1800-1859",16,1925,2112,8,2010,2120,70,70,1,4,"2000-2059",64,0,6,0,0,0,1,0,NA
"257680",257680,0015-02-17,"N675AW",735,12889,"Las Vegas, NV",14107,"Phoenix, AZ","Arizona",2059,74,74,1,4,"1900-1959",11,2110,2251,5,2150,2256,66,66,1,4,"2100-2159",66,0,0,0,0,0,1,0,NA
"257681",257681,0015-02-17,"N668AW",735,14100,"Philadelphia, PA",12889,"Las Vegas, NV","Nevada",1717,82,82,1,5,"1500-1559",12,1729,1925,5,1831,1930,59,59,1,3,"1800-1859",20,0,0,0,39,1,0,0,NA
"257683",257683,0015-02-17,"N544UW",736,14107,"Phoenix, AZ",14771,"San Francisco, CA","California",2155,40,40,1,2,"2100-2159",13,2208,2235,7,2223,2242,19,19,1,1,"2200-2259",0,0,19,0,0,0,0,1,NA
"257687",257687,0015-02-17,"N204UW",742,13930,"Chicago, IL",14100,"Philadelphia, PA","Pennsylvania",1444,49,49,1,3,"1300-1359",19,1503,1726,3,1658,1729,31,31,1,2,"1600-1659",11,0,0,0,20,1,0,0,NA
"257694",257694,0015-02-17,"N545UW",746,13204,"Orlando, FL",11057,"Charlotte, NC","North Carolina",1847,82,82,1,5,"1700-1759",17,1904,2010,9,1907,2019,72,72,1,4,"1900-1959",1,0,0,0,71,1,0,0,NA
"257695",257695,0015-02-17,"N545UW",747,11057,"Charlotte, NC",13204,"Orlando, FL","Florida",2134,79,79,1,5,"2000-2059",20,2154,2315,8,2155,2323,88,88,1,5,"2100-2159",20,0,9,0,59,1,0,0,NA
"257696",257696,0015-02-17,"N947UW",750,11298,"Dallas/Fort Worth, TX",14100,"Philadelphia, PA","Pennsylvania",1357,51,51,1,3,"1300-1359",14,1411,1728,2,1712,1730,18,18,1,1,"1700-1759",0,0,18,0,0,0,0,1,NA
"257697",257697,0015-02-17,"N576UW",751,14100,"Philadelphia, PA",11298,"Dallas/Fort Worth, TX","Texas",1630,15,15,1,1,"1600-1659",13,1643,1909,11,1912,1920,8,8,0,0,"1900-1959",NA,NA,NA,NA,NA,0,0,0,1
"257699",257699,0015-02-17,"N586UW",755,14100,"Philadelphia, PA",12892,"Los Angeles, CA","California",1637,37,37,1,2,"1600-1659",17,1654,1916,9,1910,1925,15,15,1,1,"1900-1959",12,0,0,0,3,1,0,0,NA
"257705",257705,0015-02-17,"N822AW",760,13303,"Miami, FL",11057,"Charlotte, NC","North Carolina",1805,55,55,1,3,"1700-1759",18,1823,1953,8,1929,2001,32,32,1,2,"1900-1959",8,0,0,0,24,1,0,0,NA
"257706",257706,0015-02-17,"N534UW",761,11057,"Charlotte, NC",13303,"Miami, FL","Florida",1707,57,57,1,3,"1600-1659",13,1720,1901,7,1815,1908,53,53,1,3,"1800-1859",53,0,0,0,0,0,1,0,NA
"257708",257708,0015-02-17,"N700UW",763,11057,"Charlotte, NC",11278,"Washington, DC","Virginia",1856,141,141,1,9,"1600-1659",14,1910,2000,9,1756,2009,133,133,1,8,"1700-1759",2,0,0,0,131,1,0,0,NA
"257709",257709,0015-02-17,"N700UW",763,14122,"Pittsburgh, PA",11057,"Charlotte, NC","North Carolina",1633,158,158,1,10,"1300-1359",13,1646,1800,9,1526,1809,163,163,1,10,"1500-1559",0,0,5,0,158,1,0,0,NA
"257710",257710,0015-02-17,"N816AW",765,11057,"Charlotte, NC",15016,"St. Louis, MO","Missouri",1945,95,95,1,6,"1800-1859",18,2003,2046,5,1914,2051,97,97,1,6,"1900-1959",0,0,2,0,95,1,0,0,NA
"257711",257711,0015-02-17,"N801AW",765,11433,"Detroit, MI",11057,"Charlotte, NC","North Carolina",1617,52,52,1,3,"1500-1559",27,1644,1809,7,1715,1816,61,61,1,4,"1700-1759",42,0,9,0,10,1,0,0,NA
"257712",257712,0015-02-17,"N161UW",768,13204,"Orlando, FL",14100,"Philadelphia, PA","Pennsylvania",1454,44,44,1,2,"1400-1459",19,1513,1658,6,1635,1704,29,29,1,1,"1600-1659",4,0,0,0,25,1,0,0,NA
"257713",257713,0015-02-17,"N290AY",769,14100,"Philadelphia, PA",13204,"Orlando, FL","Florida",1713,88,88,1,5,"1500-1559",17,1730,1955,11,1819,2006,107,107,1,7,"1800-1859",0,0,19,0,88,1,0,0,NA
"257716",257716,0015-02-17,"N942UW",772,14843,"San Juan, PR",14100,"Philadelphia, PA","Pennsylvania",1708,83,83,1,5,"1500-1559",10,1718,1957,10,1849,2007,78,78,1,5,"1800-1859",14,0,0,0,64,1,0,0,NA
"257727",257727,0015-02-17,"N177US",792,13303,"Miami, FL",14100,"Philadelphia, PA","Pennsylvania",2157,22,22,1,1,"2100-2159",17,2214,16,5,21,21,0,0,0,0,"0001-0559",NA,NA,NA,NA,NA,0,0,0,1
"257728",257728,0015-02-17,"N802AW",793,11057,"Charlotte, NC",15016,"St. Louis, MO","Missouri",2102,57,57,1,3,"2000-2059",13,2115,2154,3,2105,2157,52,52,1,3,"2100-2159",52,0,0,0,0,0,1,0,NA
"257729",257729,0015-02-17,"N802AW",793,12451,"Jacksonville, FL",11057,"Charlotte, NC","North Carolina",1855,60,60,1,4,"1700-1759",31,1926,2018,8,1916,2026,70,70,1,4,"1900-1959",0,0,10,0,60,1,0,0,NA
"257731",257731,0015-02-17,"N541UW",797,14100,"Philadelphia, PA",12892,"Los Angeles, CA","California",907,92,92,1,6,"0700-0759",81,1028,1247,9,1046,1256,130,130,1,8,"1000-1059",92,0,38,0,0,0,1,0,NA
"257733",257733,0015-02-17,"N662AW",803,11057,"Charlotte, NC",11618,"Newark, NJ","New Jersey",1136,101,101,1,6,"0900-0959",13,1149,1256,7,1149,1303,74,74,1,4,"1100-1159",0,29,0,0,45,1,0,0,NA
"257734",257734,0015-02-17,"N938UW",808,15024,"Charlotte Amalie, VI",11057,"Charlotte, NC","North Carolina",1858,78,78,1,5,"1700-1759",11,1909,2133,13,2035,2146,71,71,1,4,"2000-2059",3,0,0,0,68,1,0,0,NA
"257735",257735,0015-02-17,"N951UW",814,13487,"Minneapolis, MN",14100,"Philadelphia, PA","Pennsylvania",1511,72,72,1,4,"1300-1359",11,1522,1821,5,1733,1826,53,53,1,3,"1700-1759",19,0,0,0,34,1,0,0,NA
"257736",257736,0015-02-17,"N951UW",814,14100,"Philadelphia, PA",14492,"Raleigh/Durham, NC","North Carolina",1907,52,52,1,3,"1800-1859",10,1917,2028,8,1949,2036,47,47,1,3,"1900-1959",1,0,0,0,46,1,0,0,NA
"257739",257739,0015-02-17,"N127UW",821,13495,"New Orleans, LA",11057,"Charlotte, NC","North Carolina",934,124,124,1,8,"0700-0759",13,947,1205,21,1019,1226,127,127,1,8,"1000-1059",0,0,127,0,0,0,0,1,NA
"257741",257741,0015-02-17,"N711UW",829,12451,"Jacksonville, FL",11057,"Charlotte, NC","North Carolina",723,23,23,1,1,"0700-0759",13,736,828,13,827,841,14,14,0,0,"0800-0859",NA,NA,NA,NA,NA,0,0,0,1
"257743",257743,0015-02-17,"N938UW",833,11057,"Charlotte, NC",15024,"Charlotte Amalie, VI","U.S. Virgin Islands",1321,96,96,1,6,"1100-1159",37,1358,1755,5,1618,1800,102,102,1,6,"1600-1659",0,7,6,0,89,1,0,0,NA
"257744",257744,0015-02-17,"N938UW",833,13204,"Orlando, FL",11057,"Charlotte, NC","North Carolina",1022,97,97,1,6,"0800-0859",27,1049,1203,16,1026,1219,113,113,1,7,"1000-1059",0,0,113,0,0,0,0,1,NA
"257746",257746,0015-02-17,"N292AY",835,14100,"Philadelphia, PA",11057,"Charlotte, NC","North Carolina",938,188,188,1,12,"0600-0659",75,1053,1227,7,815,1234,259,259,1,12,"0800-0859",0,0,259,0,0,0,0,1,NA
"257750",257750,0015-02-17,"N834AW",849,10397,"Atlanta, GA",14100,"Philadelphia, PA","Pennsylvania",2130,105,105,1,7,"1900-1959",13,2143,2306,19,2143,2325,102,102,1,6,"2100-2159",12,0,0,0,90,1,0,0,NA
"257752",257752,0015-02-17,"N742PS",850,15016,"St. Louis, MO",11057,"Charlotte, NC","North Carolina",853,63,63,1,4,"0700-0759",17,910,1123,10,1041,1133,52,52,1,3,"1000-1059",0,52,0,0,0,0,0,1,NA
"257753",257753,0015-02-17,"N188US",851,13204,"Orlando, FL",14100,"Philadelphia, PA","Pennsylvania",1538,38,38,1,2,"1500-1559",10,1548,1738,3,1725,1741,16,16,1,1,"1700-1759",3,0,0,0,13,1,0,0,NA
"257754",257754,0015-02-17,"N188US",851,14100,"Philadelphia, PA",11292,"Denver, CO","Colorado",1958,93,93,1,6,"1800-1859",10,2008,2153,9,2052,2202,70,70,1,4,"2000-2059",62,0,0,0,8,1,0,0,NA
"257756",257756,0015-02-17,"N747UW",853,11057,"Charlotte, NC",10792,"Buffalo, NY","New York",1927,177,177,1,11,"1600-1659",20,1947,2102,4,1812,2106,174,174,1,11,"1800-1859",35,0,0,0,139,1,0,0,NA
"257757",257757,0015-02-17,"N747UW",853,14027,"West Palm Beach/Palm Beach, FL",11057,"Charlotte, NC","North Carolina",1559,129,129,1,8,"1300-1359",26,1625,1755,11,1541,1806,145,145,1,9,"1500-1559",2,0,16,0,127,1,0,0,NA
"257762",257762,0015-02-17,"N704US",858,14576,"Rochester, NY",11057,"Charlotte, NC","North Carolina",1017,112,112,1,7,"0800-0859",12,1029,1218,18,1038,1236,118,118,1,7,"1000-1059",0,0,118,0,0,0,0,1,NA
"257765",257765,0015-02-17,"N724UW",864,11057,"Charlotte, NC",13931,"Norfolk, VA","Virginia",2314,49,49,1,3,"2200-2259",11,2325,4,6,2328,10,42,42,1,2,"2300-2359",42,0,0,0,0,0,1,0,NA
"257766",257766,0015-02-17,"N738US",864,13198,"Kansas City, MO",11057,"Charlotte, NC","North Carolina",1931,61,61,1,4,"1800-1859",11,1942,2220,13,2136,2233,57,57,1,3,"2100-2159",0,0,0,0,57,1,0,0,NA
"257768",257768,0015-02-17,"N521UW",873,11057,"Charlotte, NC",10397,"Atlanta, GA","Georgia",1448,94,94,1,6,"1300-1359",13,1501,1547,10,1437,1557,80,80,1,5,"1400-1459",73,0,0,0,7,1,0,0,NA
"257769",257769,0015-02-17,"N117UW",873,12478,"New York, NY",11057,"Charlotte, NC","North Carolina",1420,245,245,1,12,"1000-1059",88,1548,1745,11,1219,1756,337,337,1,12,"1200-1259",245,0,92,0,0,0,1,0,NA
"257772",257772,0015-02-17,"N545UW",887,14635,"Fort Myers, FL",11057,"Charlotte, NC","North Carolina",1052,37,37,1,2,"1000-1059",10,1102,1227,9,1209,1236,27,27,1,1,"1200-1259",0,0,0,0,27,1,0,0,NA
"257773",257773,0015-02-17,"N569UW",890,11057,"Charlotte, NC",11298,"Dallas/Fort Worth, TX","Texas",2226,15,15,1,1,"2200-2259",19,2245,12,7,2,19,17,17,1,1,"0001-0559",15,0,2,0,0,0,1,0,NA
"257774",257774,0015-02-17,"N176UW",890,12953,"New York, NY",11057,"Charlotte, NC","North Carolina",1929,29,29,1,1,"1900-1959",28,1957,2139,8,2111,2147,36,36,1,2,"2100-2159",14,0,7,0,15,1,0,0,NA
"257776",257776,0015-02-17,"N507AY",891,13204,"Orlando, FL",11057,"Charlotte, NC","North Carolina",1348,103,103,1,6,"1200-1259",24,1412,1523,6,1348,1529,101,101,1,6,"1300-1359",9,0,0,0,92,1,0,0,NA
"257782",257782,0015-02-17,"N549UW",895,13930,"Chicago, IL",14100,"Philadelphia, PA","Pennsylvania",1935,40,40,1,2,"1800-1859",12,1947,2212,5,2152,2217,25,25,1,1,"2100-2159",12,0,0,0,13,1,0,0,NA
"257783",257783,0015-02-17,"N162UW",895,14057,"Portland, OR",14107,"Phoenix, AZ","Arizona",924,29,29,1,1,"0800-0859",14,938,1240,3,1225,1243,18,18,1,1,"1200-1259",18,0,0,0,0,0,1,0,NA
"257785",257785,0015-02-17,"N708UW",896,11057,"Charlotte, NC",14576,"Rochester, NY","New York",1947,107,107,1,7,"1800-1859",14,2001,2111,7,1946,2118,92,92,1,6,"1900-1959",0,0,0,0,92,1,0,0,NA
"257786",257786,0015-02-17,"N723UW",896,12451,"Jacksonville, FL",11057,"Charlotte, NC","North Carolina",1610,40,40,1,2,"1500-1559",11,1621,1713,7,1652,1720,28,28,1,1,"1600-1659",2,0,0,0,26,1,0,0,NA
"257788",257788,0015-02-17,"N833AW",1700,11042,"Cleveland, OH",11057,"Charlotte, NC","North Carolina",1246,46,46,1,3,"1200-1259",12,1258,1416,8,1340,1424,44,44,1,2,"1300-1359",3,0,0,0,41,1,0,0,NA
"257789",257789,0015-02-17,"N821AW",1700,11057,"Charlotte, NC",10529,"Hartford, CT","Connecticut",1602,87,87,1,5,"1400-1459",27,1629,1746,8,1624,1754,90,90,1,6,"1600-1659",87,0,3,0,0,0,1,0,NA
"257790",257790,0015-02-17,"N951UW",1701,10721,"Boston, MA",14100,"Philadelphia, PA","Pennsylvania",957,87,87,1,5,"0800-0859",15,1012,1121,5,1007,1126,79,79,1,5,"1000-1059",0,0,79,0,0,0,0,1,NA
"257793",257793,0015-02-17,"N703UW",1705,10397,"Atlanta, GA",14100,"Philadelphia, PA","Pennsylvania",1319,29,29,1,1,"1200-1259",12,1331,1455,14,1451,1509,18,18,1,1,"1400-1459",0,0,0,0,18,1,0,0,NA
"257794",257794,0015-02-17,"N703UW",1705,14100,"Philadelphia, PA",14122,"Pittsburgh, PA","Pennsylvania",1627,17,17,1,1,"1600-1659",11,1638,1728,6,1729,1734,5,5,0,0,"1700-1759",NA,NA,NA,NA,NA,0,0,0,1
"257799",257799,0015-02-17,"N157UW",1711,11057,"Charlotte, NC",11618,"Newark, NJ","New Jersey",1924,69,69,1,4,"1800-1859",10,1934,2053,4,2002,2057,55,55,1,3,"2000-2059",55,0,0,0,0,0,1,0,NA
"257807",257807,0015-02-17,"N114UW",1717,11057,"Charlotte, NC",11697,"Fort Lauderdale, FL","Florida",2400,110,110,1,7,"2200-2259",14,14,155,5,3,200,117,117,1,7,"0001-0559",0,0,7,0,110,1,0,0,NA
"257808",257808,0015-02-17,"N114UW",1717,11697,"Fort Lauderdale, FL",11057,"Charlotte, NC","North Carolina",2128,139,139,1,9,"1900-1959",13,2141,2303,10,2110,2313,123,123,1,8,"2100-2159",115,0,0,0,8,1,0,0,NA
"257810",257810,0015-02-17,"N662AW",1719,11057,"Charlotte, NC",11697,"Fort Lauderdale, FL","Florida",1653,37,37,1,2,"1600-1659",24,1717,1853,24,1817,1917,60,60,1,4,"1800-1859",6,0,23,0,31,1,0,0,NA
"257811",257811,0015-02-17,"N662AW",1719,11618,"Newark, NJ",11057,"Charlotte, NC","North Carolina",1352,42,42,1,2,"1300-1359",11,1403,1553,4,1507,1557,50,50,1,3,"1500-1559",9,0,8,0,33,1,0,0,NA
"257816",257816,0015-02-17,"N710UW",1724,14100,"Philadelphia, PA",10721,"Boston, MA","Massachusetts",1019,184,184,1,12,"0700-0759",82,1141,1226,19,829,1245,256,256,1,12,"0800-0859",41,0,72,0,143,1,0,0,NA
"257819",257819,0015-02-17,"N945UW",1726,10721,"Boston, MA",14100,"Philadelphia, PA","Pennsylvania",1721,21,21,1,1,"1700-1759",37,1758,1911,7,1845,1918,33,33,1,2,"1800-1859",0,0,33,0,0,0,0,1,NA
"257820",257820,0015-02-17,"N945UW",1726,14100,"Philadelphia, PA",10721,"Boston, MA","Massachusetts",1525,40,40,1,2,"1400-1459",18,1543,1629,10,1559,1639,40,40,1,2,"1500-1559",4,0,0,0,36,1,0,0,NA
"257821",257821,0015-02-17,"N510UW",1727,12889,"Las Vegas, NV",14100,"Philadelphia, PA","Pennsylvania",1532,52,52,1,3,"1400-1459",16,1548,2259,4,2213,2303,50,50,1,3,"2200-2259",3,0,0,0,47,1,0,0,NA
"257822",257822,0015-02-17,"N510UW",1727,14100,"Philadelphia, PA",12889,"Las Vegas, NV","Nevada",1214,59,59,1,3,"1100-1159",20,1234,1431,6,1348,1437,49,49,1,3,"1300-1359",3,0,0,0,46,1,0,0,NA
"257823",257823,0015-02-17,"N290AY",1728,13204,"Orlando, FL",14100,"Philadelphia, PA","Pennsylvania",1341,101,101,1,6,"1200-1259",19,1400,1610,5,1420,1615,115,115,1,7,"1400-1459",0,0,14,0,101,1,0,0,NA
"257824",257824,0015-02-17,"N290AY",1728,14100,"Philadelphia, PA",13204,"Orlando, FL","Florida",830,30,30,1,2,"0800-0859",113,1023,1236,8,1046,1244,118,118,1,7,"1000-1059",0,0,88,0,30,1,0,0,NA
"257826",257826,0015-02-17,"N152UW",1729,11618,"Newark, NJ",11057,"Charlotte, NC","North Carolina",935,90,90,1,6,"0800-0859",32,1007,1148,24,1010,1212,122,122,1,8,"1000-1059",90,0,32,0,0,0,1,0,NA
"257829",257829,0015-02-17,"N204UW",1731,14100,"Philadelphia, PA",13930,"Chicago, IL","Illinois",1225,50,50,1,3,"1100-1159",16,1241,1328,13,1258,1341,43,43,1,2,"1200-1259",0,0,0,0,43,1,0,0,NA
"257831",257831,0015-02-17,"N832AW",1732,11057,"Charlotte, NC",11278,"Washington, DC","Virginia",807,27,27,1,1,"0700-0759",59,906,950,10,900,1000,60,60,1,4,"0900-0959",0,27,33,0,0,0,0,1,NA
"257832",257832,0015-02-17,"N936UW",1733,11057,"Charlotte, NC",13204,"Orlando, FL","Florida",2147,207,207,1,12,"1800-1859",14,2201,2318,9,2002,2327,205,205,1,12,"2000-2059",117,0,0,0,88,1,0,0,NA
"257834",257834,0015-02-17,"N722US",1734,11057,"Charlotte, NC",11278,"Washington, DC","Virginia",1336,36,36,1,2,"1300-1359",17,1353,1441,21,1418,1502,44,44,1,2,"1400-1459",0,16,8,0,20,1,0,0,NA
"257837",257837,0015-02-17,"N807AW",1739,14100,"Philadelphia, PA",10397,"Atlanta, GA","Georgia",825,35,35,1,2,"0700-0759",94,959,1158,4,1019,1202,103,103,1,6,"1000-1059",0,35,68,0,0,0,0,1,NA
"257838",257838,0015-02-17,"N521UW",1740,11057,"Charlotte, NC",12953,"New York, NY","New York",1930,45,45,1,3,"1800-1859",13,1943,2054,9,2030,2103,33,33,1,2,"2000-2059",0,0,33,0,0,0,0,1,NA
"257839",257839,0015-02-17,"N543UW",1740,11292,"Denver, CO",11057,"Charlotte, NC","North Carolina",1304,49,49,1,3,"1200-1259",18,1322,1756,10,1720,1806,46,46,1,3,"1700-1759",24,0,0,0,22,1,0,0,NA
"257840",257840,0015-02-17,"N748UW",1741,11278,"Washington, DC",14027,"West Palm Beach/Palm Beach, FL","Florida",1625,25,25,1,1,"1600-1659",22,1647,1917,5,1839,1922,43,43,1,2,"1800-1859",3,0,18,0,22,1,0,0,NA
"257841",257841,0015-02-17,"N748UW",1741,14027,"West Palm Beach/Palm Beach, FL",11278,"Washington, DC","Virginia",2006,46,46,1,3,"1900-1959",16,2022,2212,4,2139,2216,37,37,1,2,"2100-2159",7,0,0,0,30,1,0,0,NA
"257845",257845,0015-02-17,"N188US",1746,14100,"Philadelphia, PA",13204,"Orlando, FL","Florida",1201,31,31,1,2,"1100-1159",10,1211,1437,8,1409,1445,36,36,1,2,"1400-1459",27,0,5,0,4,1,0,0,NA
"257846",257846,0015-02-17,"N127UW",1747,11057,"Charlotte, NC",14122,"Pittsburgh, PA","Pennsylvania",2037,38,38,1,2,"1900-1959",19,2056,2148,5,2118,2153,35,35,1,2,"2100-2159",0,0,0,0,35,1,0,0,NA
"257847",257847,0015-02-17,"N102UW",1747,13495,"New Orleans, LA",11057,"Charlotte, NC","North Carolina",1636,16,16,1,1,"1600-1659",9,1645,1900,7,1906,1907,1,1,0,0,"1900-1959",NA,NA,NA,NA,NA,0,0,0,1
"257850",257850,0015-02-17,"N711UW",1750,10257,"Albany, NY",11057,"Charlotte, NC","North Carolina",1511,36,36,1,2,"1400-1459",12,1523,1741,10,1651,1751,60,60,1,4,"1600-1659",5,0,24,0,31,1,0,0,NA
"257851",257851,0015-02-17,"N711UW",1750,11057,"Charlotte, NC",11278,"Washington, DC","Virginia",1834,44,44,1,2,"1700-1759",15,1849,1938,5,1905,1943,38,38,1,2,"1900-1959",38,0,0,0,0,0,1,0,NA
"257853",257853,0015-02-17,"N940UW",1752,14100,"Philadelphia, PA",14843,"San Juan, PR","Puerto Rico",1825,30,30,1,2,"1700-1759",20,1845,2327,8,2247,2335,48,48,1,3,"2200-2259",30,0,18,0,0,0,1,0,NA
"257856",257856,0015-02-17,"N741UW",1754,11057,"Charlotte, NC",10529,"Hartford, CT","Connecticut",1830,20,20,1,1,"1800-1859",11,1841,1959,7,2003,2006,3,3,0,0,"2000-2059",NA,NA,NA,NA,NA,0,0,0,1
"257857",257857,0015-02-17,"N724UW",1754,13487,"Minneapolis, MN",11057,"Charlotte, NC","North Carolina",1421,31,31,1,2,"1300-1359",10,1431,1729,8,1719,1737,18,18,1,1,"1700-1759",5,0,0,0,13,1,0,0,NA
"257860",257860,0015-02-17,"N510UW",1757,13204,"Orlando, FL",14100,"Philadelphia, PA","Pennsylvania",903,68,68,1,4,"0700-0759",21,924,1112,3,1016,1115,59,59,1,3,"1000-1059",0,0,59,0,0,0,0,1,NA
"257862",257862,0015-02-17,"N949UW",1759,12266,"Houston, TX",14100,"Philadelphia, PA","Pennsylvania",1718,139,139,1,9,"1400-1459",14,1732,2056,6,1908,2102,114,114,1,7,"1900-1959",4,0,0,0,110,1,0,0,NA
"257863",257863,0015-02-17,"N956UW",1759,14100,"Philadelphia, PA",14492,"Raleigh/Durham, NC","North Carolina",2134,64,64,1,4,"2000-2059",9,2143,2254,6,2152,2300,68,68,1,4,"2100-2159",2,0,4,0,62,1,0,0,NA
"257864",257864,0015-02-17,"N118US",1760,11057,"Charlotte, NC",11697,"Fort Lauderdale, FL","Florida",1609,94,94,1,6,"1400-1459",14,1623,1805,5,1634,1810,96,96,1,6,"1600-1659",6,0,2,0,88,1,0,0,NA
"257865",257865,0015-02-17,"N118US",1760,14100,"Philadelphia, PA",11057,"Charlotte, NC","North Carolina",1319,94,94,1,6,"1100-1159",14,1333,1508,5,1335,1513,98,98,1,6,"1300-1359",18,0,4,0,76,1,0,0,NA
"257866",257866,0015-02-17,"N118US",1760,15304,"Tampa, FL",14100,"Philadelphia, PA","Pennsylvania",1002,122,122,1,8,"0800-0859",11,1013,1207,4,1028,1211,103,103,1,6,"1000-1059",0,0,103,0,0,0,0,1,NA
"257867",257867,0015-02-17,"N750UW",1761,11278,"Washington, DC",15304,"Tampa, FL","Florida",2132,112,112,1,7,"1900-1959",24,2156,26,4,2209,30,141,141,1,9,"2200-2259",3,0,29,0,109,1,0,0,NA
"257873",257873,0015-02-17,"N738US",1765,11057,"Charlotte, NC",13198,"Kansas City, MO","Missouri",1718,67,67,1,4,"1600-1659",15,1733,1852,8,1744,1900,76,76,1,5,"1700-1759",67,0,9,0,0,0,1,0,NA
"257876",257876,0015-02-17,"N732US",1767,11278,"Washington, DC",14635,"Fort Myers, FL","Florida",1110,55,55,1,3,"1000-1059",12,1122,1352,2,1300,1354,54,54,1,3,"1300-1359",0,0,0,0,54,1,0,0,NA
"257877",257877,0015-02-17,"N732US",1767,14635,"Fort Myers, FL",11278,"Washington, DC","Virginia",1431,41,41,1,2,"1300-1359",13,1444,1629,10,1608,1639,31,31,1,2,"1600-1659",0,0,31,0,0,0,0,1,NA
"257878",257878,0015-02-17,"N839AW",1768,10721,"Boston, MA",11057,"Charlotte, NC","North Carolina",1739,39,39,1,2,"1700-1759",47,1826,2058,9,1928,2107,99,99,1,6,"1900-1959",0,0,99,0,0,0,0,1,NA
"257879",257879,0015-02-17,"N839AW",1768,11057,"Charlotte, NC",13244,"Memphis, TN","Tennessee",2157,102,102,1,6,"2000-2059",10,2207,2239,9,2108,2248,100,100,1,6,"2100-2159",5,0,0,0,95,1,0,0,NA
"257883",257883,0015-02-17,"N569UW",1772,11057,"Charlotte, NC",11298,"Dallas/Fort Worth, TX","Texas",936,17,17,1,1,"0900-0959",16,952,1136,8,1111,1144,33,33,1,2,"1100-1159",0,17,16,0,0,0,0,1,NA
"257885",257885,0015-02-17,"N949UW",1773,13487,"Minneapolis, MN",14100,"Philadelphia, PA","Pennsylvania",853,108,108,1,7,"0700-0759",33,926,1226,11,1048,1237,109,109,1,7,"1000-1059",0,108,1,0,0,0,0,1,NA
"257886",257886,0015-02-17,"N949UW",1773,14100,"Philadelphia, PA",12266,"Houston, TX","Texas",1332,122,122,1,8,"1100-1159",15,1347,1635,8,1427,1643,136,136,1,9,"1400-1459",15,0,14,0,107,1,0,0,NA
"257888",257888,0015-02-17,"N112US",1774,14027,"West Palm Beach/Palm Beach, FL",11057,"Charlotte, NC","North Carolina",1925,15,15,1,1,"1900-1959",14,1939,2101,7,2102,2108,6,6,0,0,"2100-2159",NA,NA,NA,NA,NA,0,0,0,1
"257889",257889,0015-02-17,"N710UW",1775,10721,"Boston, MA",14100,"Philadelphia, PA","Pennsylvania",1409,39,39,1,2,"1300-1359",57,1506,1618,8,1508,1626,78,78,1,5,"1500-1559",0,0,78,0,0,0,0,1,NA
"257893",257893,0015-02-17,"N716UW",1777,14635,"Fort Myers, FL",11278,"Washington, DC","Virginia",1923,24,24,1,1,"1800-1859",17,1940,2123,31,2117,2154,37,37,1,2,"2100-2159",6,0,13,0,18,1,0,0,NA
"257896",257896,0015-02-17,"N537UW",1779,14100,"Philadelphia, PA",11057,"Charlotte, NC","North Carolina",1956,26,26,1,1,"1900-1959",23,2019,2202,3,2116,2205,49,49,1,3,"2100-2159",26,0,23,0,0,0,1,0,NA
"257899",257899,0015-02-17,"N105UW",1781,11057,"Charlotte, NC",13495,"New Orleans, LA","Louisiana",1941,52,52,1,3,"1800-1859",13,1954,2046,7,1957,2053,56,56,1,3,"1900-1959",0,0,4,5,47,1,0,0,NA
"257901",257901,0015-02-17,"N537UW",1782,11057,"Charlotte, NC",11618,"Newark, NJ","New Jersey",2311,51,51,1,3,"2200-2259",22,2333,41,7,2,48,46,46,1,3,"0001-0559",10,0,0,0,36,1,0,0,NA
"257902",257902,0015-02-17,"N916US",1783,11057,"Charlotte, NC",10721,"Boston, MA","Massachusetts",2041,21,21,1,1,"2000-2059",21,2102,2224,10,2225,2234,9,9,0,0,"2200-2259",NA,NA,NA,NA,NA,0,0,0,1
"257907",257907,0015-02-17,"N833AW",1785,13487,"Minneapolis, MN",11057,"Charlotte, NC","North Carolina",1828,53,53,1,3,"1700-1759",51,1919,2218,15,2103,2233,90,90,1,6,"2100-2159",0,0,37,0,53,1,0,0,NA
"257910",257910,0015-02-17,"N572UW",1787,10721,"Boston, MA",11057,"Charlotte, NC","North Carolina",1612,92,92,1,6,"1400-1459",31,1643,1912,8,1709,1920,131,131,1,8,"1700-1759",0,0,131,0,0,0,0,1,NA
"257911",257911,0015-02-17,"N563UW",1788,10721,"Boston, MA",11057,"Charlotte, NC","North Carolina",2027,77,77,1,5,"1900-1959",18,2045,2312,10,2138,2322,104,104,1,6,"2100-2159",0,0,104,0,0,0,0,1,NA
"257912",257912,0015-02-17,"N151UW",1788,11057,"Charlotte, NC",13930,"Chicago, IL","Illinois",2334,59,59,1,3,"2200-2259",12,2346,11,7,2338,18,40,40,1,2,"2300-2359",0,0,0,0,40,1,0,0,NA
"257915",257915,0015-02-17,"N677AW",1790,11697,"Fort Lauderdale, FL",14100,"Philadelphia, PA","Pennsylvania",1446,46,46,1,3,"1400-1459",15,1501,1707,3,1646,1710,24,24,1,1,"1600-1659",2,0,0,0,22,1,0,0,NA
"257920",257920,0015-02-17,"N745VJ",1795,11298,"Dallas/Fort Worth, TX",14100,"Philadelphia, PA","Pennsylvania",1625,60,60,1,4,"1500-1559",16,1641,2001,6,1928,2007,39,39,1,2,"1900-1959",4,0,0,0,35,1,0,0,NA
"257922",257922,0015-02-17,"N738US",1796,11057,"Charlotte, NC",14100,"Philadelphia, PA","Pennsylvania",2313,58,58,1,3,"2200-2259",11,2324,23,5,2347,28,41,41,1,2,"2300-2359",0,0,0,0,41,1,0,0,NA
"257925",257925,0015-02-17,"N754UW",1797,11057,"Charlotte, NC",13495,"New Orleans, LA","Louisiana",1146,32,32,1,2,"1100-1159",67,1253,1356,7,1217,1403,106,106,1,7,"1200-1259",0,0,74,0,32,1,0,0,NA
"257926",257926,0015-02-17,"N202UW",1798,11057,"Charlotte, NC",14100,"Philadelphia, PA","Pennsylvania",2146,96,96,1,6,"2000-2059",29,2215,2322,3,2146,2325,99,99,1,6,"2100-2159",96,0,3,0,0,0,1,0,NA
"257932",257932,0015-02-17,"N537UW",1803,11057,"Charlotte, NC",14107,"Phoenix, AZ","Arizona",833,63,63,1,4,"0700-0759",17,850,1120,8,1019,1128,69,69,1,4,"1000-1059",0,63,6,0,0,0,0,1,NA
"257933",257933,0015-02-17,"N537UW",1803,14107,"Phoenix, AZ",14100,"Philadelphia, PA","Pennsylvania",1218,23,23,1,1,"1100-1159",17,1235,1826,9,1816,1835,19,19,1,1,"1800-1859",19,0,0,0,0,0,1,0,NA
"257935",257935,0015-02-17,"N717UW",1805,11057,"Charlotte, NC",12266,"Houston, TX","Texas",2235,15,15,1,1,"2200-2259",18,2253,20,5,5,25,20,20,1,1,"0001-0559",15,0,5,0,0,0,1,0,NA
"257937",257937,0015-02-17,"N155UW",1806,11057,"Charlotte, NC",10721,"Boston, MA","Massachusetts",1902,62,62,1,4,"1800-1859",13,1915,2038,11,2005,2049,44,44,1,2,"2000-2059",38,0,0,0,6,1,0,0,NA
"257938",257938,0015-02-17,"N559UW",1806,13930,"Chicago, IL",11057,"Charlotte, NC","North Carolina",1511,76,76,1,5,"1300-1359",16,1527,1751,6,1650,1757,67,67,1,4,"1600-1659",0,0,0,0,67,1,0,0,NA
"257939",257939,0015-02-17,"N941UW",1807,13303,"Miami, FL",14100,"Philadelphia, PA","Pennsylvania",2031,66,66,1,4,"1900-1959",16,2047,2245,6,2210,2251,41,41,1,2,"2200-2259",6,0,0,0,35,1,0,0,NA
"257943",257943,0015-02-17,"N194UW",1810,11057,"Charlotte, NC",15304,"Tampa, FL","Florida",1626,106,106,1,7,"1400-1459",63,1729,1905,6,1623,1911,168,168,1,11,"1600-1659",106,0,62,0,0,0,1,0,NA
"257951",257951,0015-02-17,"N197UW",1814,14122,"Pittsburgh, PA",11057,"Charlotte, NC","North Carolina",1020,105,105,1,7,"0800-0859",26,1046,1205,16,1019,1221,122,122,1,8,"1000-1059",0,105,17,0,0,0,0,1,NA
"257952",257952,0015-02-17,"N700UW",1815,11057,"Charlotte, NC",14122,"Pittsburgh, PA","Pennsylvania",1451,186,186,1,12,"1100-1159",12,1503,1556,4,1310,1600,170,170,1,11,"1300-1359",170,0,0,0,0,0,1,0,NA
"257953",257953,0015-02-17,"N700UW",1815,12953,"New York, NY",11057,"Charlotte, NC","North Carolina",1132,167,167,1,11,"0800-0859",36,1208,1406,5,1056,1411,195,195,1,12,"1000-1059",0,12,28,0,155,1,0,0,NA
"257955",257955,0015-02-17,"N740UW",1816,15304,"Tampa, FL",11278,"Washington, DC","Virginia",1350,25,25,1,1,"1300-1359",17,1407,1545,5,1532,1550,18,18,1,1,"1500-1559",4,0,0,0,14,1,0,0,NA
"257957",257957,0015-02-17,"N173US",1818,12892,"Los Angeles, CA",11057,"Charlotte, NC","North Carolina",1400,35,35,1,2,"1300-1359",15,1415,2116,8,2057,2124,27,27,1,1,"2000-2059",0,0,0,0,27,1,0,0,NA
"257958",257958,0015-02-17,"N179UW",1820,11057,"Charlotte, NC",14635,"Fort Myers, FL","Florida",2234,24,24,1,1,"2200-2259",14,2248,44,5,2359,49,50,50,1,3,"2300-2359",24,0,26,0,0,0,1,0,NA
"257961",257961,0015-02-17,"N754UW",1821,13495,"New Orleans, LA",11057,"Charlotte, NC","North Carolina",1443,108,108,1,7,"1200-1259",10,1453,1710,12,1539,1722,103,103,1,6,"1500-1559",5,0,0,0,98,1,0,0,NA
"257962",257962,0015-02-17,"N825AW",1822,11042,"Cleveland, OH",14100,"Philadelphia, PA","Pennsylvania",929,124,124,1,8,"0700-0759",23,952,1046,5,856,1051,115,115,1,7,"0800-0859",0,0,115,0,0,0,0,1,NA
"257963",257963,0015-02-17,"N825AW",1822,14100,"Philadelphia, PA",14027,"West Palm Beach/Palm Beach, FL","Florida",1140,95,95,1,6,"1000-1059",11,1151,1432,3,1305,1435,90,90,1,6,"1300-1359",0,4,0,0,86,1,0,0,NA
"257965",257965,0015-02-17,"N668AW",1824,14027,"West Palm Beach/Palm Beach, FL",14100,"Philadelphia, PA","Pennsylvania",1341,106,106,1,7,"1100-1159",9,1350,1551,8,1429,1559,90,90,1,6,"1400-1459",6,0,0,0,84,1,0,0,NA
"257966",257966,0015-02-17,"N668AW",1824,14100,"Philadelphia, PA",14027,"West Palm Beach/Palm Beach, FL","Florida",821,21,21,1,1,"0800-0859",109,1010,1250,4,1057,1254,117,117,1,7,"1000-1059",0,21,96,0,0,0,0,1,NA
"257968",257968,0015-02-17,"N914UY",1826,10721,"Boston, MA",14100,"Philadelphia, PA","Pennsylvania",847,77,77,1,5,"0700-0759",16,903,1015,4,915,1019,64,64,1,4,"0900-0959",0,0,64,0,0,0,0,1,NA
"257969",257969,0015-02-17,"N914UY",1826,14100,"Philadelphia, PA",14107,"Phoenix, AZ","Arizona",1113,53,53,1,3,"1000-1059",16,1129,1415,3,1353,1418,25,25,1,1,"1300-1359",25,0,0,0,0,0,1,0,NA
"257971",257971,0015-02-17,"N956UW",1827,10721,"Boston, MA",14100,"Philadelphia, PA","Pennsylvania",1354,144,144,1,9,"1100-1159",38,1432,1544,3,1305,1547,162,162,1,10,"1300-1359",0,0,162,0,0,0,0,1,NA
"257972",257972,0015-02-17,"N961UW",1827,14100,"Philadelphia, PA",12266,"Houston, TX","Texas",1511,66,66,1,4,"1400-1459",10,1521,1809,12,1701,1821,80,80,1,5,"1700-1759",13,0,14,0,53,1,0,0,NA
"257973",257973,0015-02-17,"N624AW",1828,13303,"Miami, FL",11057,"Charlotte, NC","North Carolina",2152,47,47,1,3,"2100-2159",14,2206,2335,7,2314,2342,28,28,1,1,"2300-2359",0,0,0,0,28,1,0,0,NA
"257974",257974,0015-02-17,"N521UW",1829,10397,"Atlanta, GA",11057,"Charlotte, NC","North Carolina",1715,105,105,1,7,"1500-1559",22,1737,1814,14,1644,1828,104,104,1,6,"1600-1659",33,0,0,0,71,1,0,0,NA
"257975",257975,0015-02-17,"N117UW",1829,11057,"Charlotte, NC",15304,"Tampa, FL","Florida",1930,100,100,1,6,"1700-1759",10,1940,2114,5,1930,2119,109,109,1,7,"1900-1959",44,0,9,0,56,1,0,0,NA
"257981",257981,0015-02-17,"N631AW",1835,15304,"Tampa, FL",11057,"Charlotte, NC","North Carolina",1352,22,22,1,1,"1300-1359",9,1401,1513,11,1509,1524,15,15,1,1,"1500-1559",15,0,0,0,0,0,1,0,NA
"257984",257984,0015-02-17,"N957UW",1838,14100,"Philadelphia, PA",14122,"Pittsburgh, PA","Pennsylvania",2142,67,67,1,4,"2000-2059",14,2156,2245,4,2148,2249,61,61,1,4,"2100-2159",61,0,0,0,0,0,1,0,NA
"257985",257985,0015-02-17,"N957UW",1838,14492,"Raleigh/Durham, NC",14100,"Philadelphia, PA","Pennsylvania",1955,115,115,1,7,"1800-1859",9,2004,2101,4,1932,2105,93,93,1,6,"1900-1959",0,0,0,0,93,1,0,0,NA
"257986",257986,0015-02-17,"N954UW",1839,12266,"Houston, TX",14100,"Philadelphia, PA","Pennsylvania",640,20,20,1,1,"0600-0659",20,700,1028,4,1025,1032,7,7,0,0,"1000-1059",NA,NA,NA,NA,NA,0,0,0,1
"257987",257987,0015-02-17,"N951UW",1839,14100,"Philadelphia, PA",13487,"Minneapolis, MN","Minnesota",1207,42,42,1,2,"1100-1159",25,1232,1408,7,1321,1415,54,54,1,3,"1300-1359",1,0,12,0,41,1,0,0,NA
"257988",257988,0015-02-17,"N801AW",1840,11057,"Charlotte, NC",14122,"Pittsburgh, PA","Pennsylvania",1949,104,104,1,6,"1800-1859",15,2004,2056,6,1926,2102,96,96,1,6,"1900-1959",44,0,0,0,52,1,0,0,NA
"257989",257989,0015-02-17,"N816AW",1840,13198,"Kansas City, MO",11057,"Charlotte, NC","North Carolina",1546,116,116,1,7,"1300-1359",25,1611,1854,9,1658,1903,125,125,1,8,"1600-1659",0,0,9,0,116,1,0,0,NA
"257992",257992,0015-02-17,"N766US",1842,11057,"Charlotte, NC",14122,"Pittsburgh, PA","Pennsylvania",1353,38,38,1,2,"1300-1359",17,1410,1501,5,1440,1506,26,26,1,1,"1400-1459",0,21,0,0,5,1,0,0,NA
"257993",257993,0015-02-17,"N820AW",1842,14307,"Providence, RI",11057,"Charlotte, NC","North Carolina",1118,79,79,1,5,"0900-0959",42,1200,1417,8,1221,1425,124,124,1,8,"1200-1259",34,0,45,0,45,1,0,0,NA
"257999",257999,0015-02-17,"N832AW",1846,15304,"Tampa, FL",11278,"Washington, DC","Virginia",1626,96,96,1,6,"1400-1459",16,1642,1821,4,1659,1825,86,86,1,5,"1600-1659",73,0,0,0,13,1,0,0,NA
"258000",258000,0015-02-17,"N807AW",1847,10397,"Atlanta, GA",14100,"Philadelphia, PA","Pennsylvania",1244,109,109,1,7,"1000-1059",11,1255,1415,19,1251,1434,103,103,1,6,"1200-1259",0,0,103,0,0,0,0,1,NA
"258001",258001,0015-02-17,"N807AW",1847,14100,"Philadelphia, PA",13487,"Minneapolis, MN","Minnesota",1521,101,101,1,6,"1300-1359",9,1530,1659,3,1534,1702,88,88,1,5,"1500-1559",2,0,0,0,86,1,0,0,NA
"258002",258002,0015-02-17,"N745VJ",1848,14100,"Philadelphia, PA",11298,"Dallas/Fort Worth, TX","Texas",1256,76,76,1,5,"1100-1159",11,1307,1537,7,1432,1544,72,72,1,4,"1400-1459",1,0,0,0,71,1,0,0,NA
"258003",258003,0015-02-17,"N723UW",1849,11057,"Charlotte, NC",12451,"Jacksonville, FL","Florida",1415,56,56,1,3,"1300-1359",12,1427,1529,3,1440,1532,52,52,1,3,"1400-1459",0,48,0,0,4,1,0,0,NA
"258006",258006,0015-02-17,"N104UW",1850,13204,"Orlando, FL",14100,"Philadelphia, PA","Pennsylvania",1152,92,92,1,6,"1000-1059",13,1205,1353,15,1240,1408,88,88,1,5,"1200-1259",6,0,0,0,82,1,0,0,NA
"258007",258007,0015-02-17,"N104UW",1850,14100,"Philadelphia, PA",13204,"Orlando, FL","Florida",723,33,33,1,2,"0600-0659",71,834,1058,8,930,1106,96,96,1,6,"0900-0959",0,33,63,0,0,0,0,1,NA
"258008",258008,0015-02-17,"N519UW",1851,11057,"Charlotte, NC",13930,"Chicago, IL","Illinois",2235,140,140,1,9,"2000-2059",16,2251,2322,8,2124,2330,126,126,1,8,"2100-2159",74,0,0,0,52,1,0,0,NA
"258009",258009,0015-02-17,"N519UW",1851,12953,"New York, NY",11057,"Charlotte, NC","North Carolina",1739,34,34,1,2,"1700-1759",35,1814,2012,6,1914,2018,64,64,1,4,"1900-1959",0,2,30,0,32,1,0,0,NA
"258017",258017,0015-02-17,"N833AW",1855,11057,"Charlotte, NC",13487,"Minneapolis, MN","Minnesota",1613,83,83,1,5,"1400-1459",13,1626,1740,13,1638,1753,75,75,1,5,"1600-1659",58,0,0,0,17,1,0,0,NA
"258019",258019,0015-02-17,"N938UW",1857,11057,"Charlotte, NC",13204,"Orlando, FL","Florida",2257,37,37,1,2,"2200-2259",13,2310,33,13,2355,46,51,51,1,3,"2300-2359",1,0,14,0,36,1,0,0,NA
"258020",258020,0015-02-17,"N118US",1861,11057,"Charlotte, NC",14492,"Raleigh/Durham, NC","North Carolina",2150,90,90,1,6,"2000-2059",22,2212,2240,6,2113,2246,93,93,1,6,"2100-2159",0,0,3,0,90,1,0,0,NA
"258021",258021,0015-02-17,"N118US",1861,11697,"Fort Lauderdale, FL",11057,"Charlotte, NC","North Carolina",1902,102,102,1,6,"1700-1759",15,1917,2052,10,1921,2102,101,101,1,6,"1900-1959",12,0,0,0,89,1,0,0,NA
"258022",258022,0015-02-17,"N559UW",1862,10397,"Atlanta, GA",11057,"Charlotte, NC","North Carolina",1037,107,107,1,7,"0800-0859",12,1049,1126,10,1008,1136,88,88,1,5,"1000-1059",0,0,88,0,0,0,0,1,NA
"258023",258023,0015-02-17,"N559UW",1862,11057,"Charlotte, NC",13930,"Chicago, IL","Illinois",1247,62,62,1,4,"1100-1159",13,1300,1336,58,1300,1434,94,94,1,6,"1300-1359",0,16,32,0,46,1,0,0,NA
"258024",258024,0015-02-17,"N956UW",1863,14100,"Philadelphia, PA",10721,"Boston, MA","Massachusetts",1038,83,83,1,5,"0900-0959",67,1145,1243,18,1028,1301,153,153,1,10,"1000-1059",83,0,70,0,0,0,1,0,NA
"258028",258028,0015-02-17,"N557UW",1865,11057,"Charlotte, NC",13487,"Minneapolis, MN","Minnesota",2012,23,23,1,1,"1900-1959",14,2026,2137,4,2133,2141,8,8,0,0,"2100-2159",NA,NA,NA,NA,NA,0,0,0,1
"258031",258031,0015-02-17,"N821AW",1867,10529,"Hartford, CT",11057,"Charlotte, NC","North Carolina",1838,88,88,1,5,"1700-1759",15,1853,2110,7,1921,2117,116,116,1,7,"1900-1959",9,0,28,0,79,1,0,0,NA
"258033",258033,0015-02-17,"N801AW",1869,11057,"Charlotte, NC",11433,"Detroit, MI","Michigan",1322,22,22,1,1,"1300-1359",13,1335,1451,9,1450,1500,10,10,0,0,"1400-1459",NA,NA,NA,NA,NA,0,0,0,1
"258037",258037,0015-02-17,"N840AW",1872,11278,"Washington, DC",13204,"Orlando, FL","Florida",1256,86,86,1,5,"1100-1159",20,1316,1536,8,1356,1544,108,108,1,7,"1300-1359",2,0,22,0,84,1,0,0,NA
"258038",258038,0015-02-17,"N840AW",1872,13204,"Orlando, FL",11278,"Washington, DC","Virginia",1616,101,101,1,6,"1400-1459",19,1635,1808,3,1639,1811,92,92,1,6,"1600-1659",92,0,0,0,0,0,1,0,NA
"258041",258041,0015-02-17,"N725UW",1874,11278,"Washington, DC",13204,"Orlando, FL","Florida",1559,54,54,1,3,"1500-1559",24,1623,1844,11,1733,1855,82,82,1,5,"1700-1759",54,0,28,0,0,0,1,0,NA
"258042",258042,0015-02-17,"N725UW",1874,13204,"Orlando, FL",11278,"Washington, DC","Virginia",2002,107,107,1,7,"1800-1859",12,2014,2141,59,2021,2240,139,139,1,9,"2000-2059",32,0,32,0,75,1,0,0,NA
"258044",258044,0015-02-17,"N112US",1875,11057,"Charlotte, NC",14027,"West Palm Beach/Palm Beach, FL","Florida",1647,22,22,1,1,"1600-1659",20,1707,1840,4,1818,1844,26,26,1,1,"1800-1859",0,0,4,0,22,1,0,0,NA
"258046",258046,0015-02-17,"N700UW",1878,11278,"Washington, DC",13204,"Orlando, FL","Florida",2109,94,94,1,6,"1900-1959",17,2126,2344,9,2201,2353,112,112,1,7,"2200-2259",15,0,18,0,79,1,0,0,NA
"258048",258048,0015-02-17,"N833AW",1879,14122,"Pittsburgh, PA",11057,"Charlotte, NC","North Carolina",556,41,41,1,2,"0001-0559",31,627,736,3,648,739,51,51,1,3,"0600-0659",41,0,10,0,0,0,1,0,NA
"258050",258050,0015-02-17,"N748UW",1880,13204,"Orlando, FL",11278,"Washington, DC","Virginia",1341,33,33,1,2,"1300-1359",16,1357,1533,4,1514,1537,23,23,1,1,"1500-1559",10,0,0,0,13,1,0,0,NA
"258051",258051,0015-02-17,"N554UW",1881,14100,"Philadelphia, PA",14107,"Phoenix, AZ","Arizona",1843,38,38,1,2,"1800-1859",9,1852,2127,6,2137,2133,-4,0,0,-1,"2100-2159",NA,NA,NA,NA,NA,0,0,0,1
"258052",258052,0015-02-17,"N741UW",1882,11057,"Charlotte, NC",11042,"Cleveland, OH","Ohio",1332,22,22,1,1,"1300-1359",19,1351,1456,11,1445,1507,22,22,1,1,"1400-1459",22,0,0,0,0,0,1,0,NA
"258054",258054,0015-02-17,"N124US",1883,14100,"Philadelphia, PA",15304,"Tampa, FL","Florida",1953,108,108,1,7,"1800-1859",14,2007,2258,4,2058,2302,124,124,1,8,"2000-2059",24,0,16,0,84,1,0,0,NA
"258055",258055,0015-02-17,"N822AW",1885,11057,"Charlotte, NC",10792,"Buffalo, NY","New York",2051,36,36,1,2,"2000-2059",13,2104,2212,6,2156,2218,22,22,1,1,"2100-2159",3,0,0,0,19,1,0,0,NA
"258060",258060,0015-02-17,"N123UW",1888,14100,"Philadelphia, PA",10721,"Boston, MA","Massachusetts",1939,24,24,1,1,"1900-1959",11,1950,2034,7,2031,2041,10,10,0,0,"2000-2059",NA,NA,NA,NA,NA,0,0,0,1
"258061",258061,0015-02-17,"N755US",1889,11057,"Charlotte, NC",10529,"Hartford, CT","Connecticut",1813,103,103,1,6,"1600-1659",13,1826,1943,6,1822,1949,87,87,1,5,"1800-1859",87,0,0,0,0,0,1,0,NA
"258062",258062,0015-02-17,"N755US",1889,11433,"Detroit, MI",11057,"Charlotte, NC","North Carolina",1534,104,104,1,6,"1300-1359",17,1551,1721,10,1538,1731,113,113,1,7,"1500-1559",0,0,113,0,0,0,0,1,NA
"258063",258063,0015-02-17,"N724UW",1891,11057,"Charlotte, NC",12451,"Jacksonville, FL","Florida",1817,22,22,1,1,"1700-1759",17,1834,1934,6,1912,1940,28,28,1,1,"1900-1959",0,0,6,0,22,1,0,0,NA
"258064",258064,0015-02-17,"N766US",1891,14122,"Pittsburgh, PA",11057,"Charlotte, NC","North Carolina",1547,17,17,1,1,"1500-1559",9,1556,1715,6,1702,1721,19,19,1,1,"1700-1759",0,6,2,0,11,1,0,0,NA
"258065",258065,0015-02-17,"N915US",1892,11057,"Charlotte, NC",13930,"Chicago, IL","Illinois",1743,178,178,1,11,"1400-1459",15,1758,1835,6,1554,1841,167,167,1,11,"1500-1559",33,0,0,0,134,1,0,0,NA
"258066",258066,0015-02-17,"N915US",1892,13303,"Miami, FL",11057,"Charlotte, NC","North Carolina",1414,159,159,1,10,"1100-1159",22,1436,1608,5,1346,1613,147,147,1,9,"1300-1359",18,0,0,0,129,1,0,0,NA
"258067",258067,0015-02-17,"N723UW",1893,11057,"Charlotte, NC",14683,"San Antonio, TX","Texas",1809,34,34,1,2,"1700-1759",11,1820,2031,4,1947,2035,48,48,1,3,"1900-1959",4,0,14,0,30,1,0,0,NA
"258068",258068,0015-02-17,"N840AW",1894,13204,"Orlando, FL",11278,"Washington, DC","Virginia",1021,111,111,1,7,"0800-0859",12,1033,1204,5,1033,1209,96,96,1,6,"1000-1059",96,0,0,0,0,0,1,0,NA
"258069",258069,0015-02-17,"N673AW",1895,15304,"Tampa, FL",14100,"Philadelphia, PA","Pennsylvania",2003,28,28,1,1,"1900-1959",10,2013,2201,4,2159,2205,6,6,0,0,"2100-2159",NA,NA,NA,NA,NA,0,0,0,1
"258083",258083,0015-02-17,"N751UW",1903,11057,"Charlotte, NC",12451,"Jacksonville, FL","Florida",1025,20,20,1,1,"1000-1059",19,1044,1145,4,1134,1149,15,15,1,1,"1100-1159",15,0,0,0,0,0,1,0,NA
"258086",258086,0015-02-17,"N507AY",1905,11057,"Charlotte, NC",13204,"Orlando, FL","Florida",1101,96,96,1,6,"0900-0959",29,1130,1245,9,1104,1254,110,110,1,7,"1100-1159",0,96,14,0,0,0,0,1,NA
"258092",258092,0015-02-17,"N952UW",1909,14100,"Philadelphia, PA",12451,"Jacksonville, FL","Florida",840,55,55,1,3,"0700-0759",107,1027,1242,4,1015,1246,151,151,1,10,"1000-1059",0,55,96,0,0,0,0,1,NA
"258093",258093,0015-02-17,"N192UW",1910,11057,"Charlotte, NC",12953,"New York, NY","New York",1041,41,41,1,2,"1000-1059",13,1054,1201,6,1154,1207,13,13,0,0,"1100-1159",NA,NA,NA,NA,NA,0,0,0,1
"258096",258096,0015-02-17,"N762US",1915,11057,"Charlotte, NC",14492,"Raleigh/Durham, NC","North Carolina",1916,71,71,1,4,"1800-1859",14,1930,1956,6,1859,2002,63,63,1,4,"1800-1859",7,0,0,0,56,1,0,0,NA
"258098",258098,0015-02-17,"N713UW",1916,15096,"Syracuse, NY",11057,"Charlotte, NC","North Carolina",1913,18,18,1,1,"1800-1859",11,1924,2121,8,2107,2129,22,22,1,1,"2100-2159",4,0,4,0,14,1,0,0,NA
"258104",258104,0015-02-17,"N538UW",1920,11057,"Charlotte, NC",10821,"Baltimore, MD","Maryland",2240,150,150,1,10,"2000-2059",12,2252,2341,7,2133,2348,135,135,1,9,"2100-2159",135,0,0,0,0,0,1,0,NA
"258105",258105,0015-02-17,"N740UW",1921,11057,"Charlotte, NC",12451,"Jacksonville, FL","Florida",2028,28,28,1,1,"2000-2059",14,2042,2144,5,2118,2149,31,31,1,2,"2100-2159",28,0,3,0,0,0,1,0,NA
"258107",258107,0015-02-17,"N722US",1922,10397,"Atlanta, GA",11057,"Charlotte, NC","North Carolina",2049,50,50,1,3,"1900-1959",24,2113,2153,6,2114,2159,45,45,1,3,"2100-2159",9,0,0,0,36,1,0,0,NA
"258108",258108,0015-02-17,"N722US",1922,11057,"Charlotte, NC",14524,"Richmond, VA","Virginia",2249,29,29,1,1,"2200-2259",8,2257,2330,4,2323,2334,11,11,0,0,"2300-2359",NA,NA,NA,NA,NA,0,0,0,1
"258109",258109,0015-02-17,"N755US",1923,11057,"Charlotte, NC",11433,"Detroit, MI","Michigan",1316,116,116,1,7,"1100-1159",13,1329,1444,11,1308,1455,107,107,1,7,"1300-1359",0,0,0,0,107,1,0,0,NA
"258112",258112,0015-02-17,"N124US",1924,14100,"Philadelphia, PA",11057,"Charlotte, NC","North Carolina",958,93,93,1,6,"0800-0859",106,1144,1312,8,1024,1320,176,176,1,11,"1000-1059",93,0,83,0,0,0,1,0,NA
"258113",258113,0015-02-17,"N576UW",1925,11057,"Charlotte, NC",15304,"Tampa, FL","Florida",1049,69,69,1,4,"0900-0959",16,1105,1230,4,1126,1234,68,68,1,4,"1100-1159",0,12,0,0,56,1,0,0,NA
"258114",258114,0015-02-17,"N576UW",1925,11618,"Newark, NJ",11057,"Charlotte, NC","North Carolina",645,15,15,1,1,"0600-0659",63,748,930,12,837,942,65,65,1,4,"0800-0859",15,0,50,0,0,0,1,0,NA
"258115",258115,0015-02-17,"N576UW",1925,15304,"Tampa, FL",14100,"Philadelphia, PA","Pennsylvania",1337,77,77,1,5,"1200-1259",8,1345,1535,10,1446,1545,59,59,1,3,"1400-1459",14,0,0,0,45,1,0,0,NA
"258116",258116,0015-02-17,"N575UW",1926,12892,"Los Angeles, CA",14100,"Philadelphia, PA","Pennsylvania",1431,21,21,1,1,"1400-1459",23,1454,2233,4,2204,2237,33,33,1,2,"2200-2259",0,0,12,0,21,1,0,0,NA
"258117",258117,0015-02-17,"N711UW",1928,11057,"Charlotte, NC",10693,"Nashville, TN","Tennessee",2303,38,38,1,2,"2200-2259",17,2320,2316,5,2243,2321,38,38,1,2,"2200-2259",6,0,0,0,32,1,0,0,NA
"258118",258118,0015-02-17,"N711UW",1928,11278,"Washington, DC",11057,"Charlotte, NC","North Carolina",2029,29,29,1,1,"2000-2059",23,2052,2207,5,2133,2212,39,39,1,2,"2100-2159",1,0,10,0,28,1,0,0,NA
"258120",258120,0015-02-17,"N750UW",1931,11057,"Charlotte, NC",13244,"Memphis, TN","Tennessee",1000,35,35,1,2,"0900-0959",18,1018,1102,6,1017,1108,51,51,1,3,"1000-1059",0,35,16,0,0,0,0,1,NA
"258123",258123,0015-02-17,"N717UW",1933,13930,"Chicago, IL",14100,"Philadelphia, PA","Pennsylvania",1021,20,20,1,1,"1000-1059",22,1043,1311,5,1300,1316,16,16,1,1,"1300-1359",0,1,0,0,15,1,0,0,NA
"258125",258125,0015-02-17,"N762US",1934,11057,"Charlotte, NC",14492,"Raleigh/Durham, NC","North Carolina",1539,66,66,1,4,"1400-1459",13,1552,1619,6,1524,1625,61,61,1,4,"1500-1559",51,0,0,0,10,1,0,0,NA
"258127",258127,0015-02-17,"N601AW",1935,14100,"Philadelphia, PA",14027,"West Palm Beach/Palm Beach, FL","Florida",1945,120,120,1,8,"1700-1759",16,2001,2243,4,2030,2247,137,137,1,9,"2000-2059",13,0,17,0,107,1,0,0,NA
"258128",258128,0015-02-17,"N199UW",1936,10721,"Boston, MA",11057,"Charlotte, NC","North Carolina",842,32,32,1,2,"0800-0859",60,942,1210,24,1051,1234,103,103,1,6,"1000-1059",0,0,103,0,0,0,0,1,NA
"258130",258130,0015-02-17,"N572UW",1937,11057,"Charlotte, NC",10721,"Boston, MA","Massachusetts",1328,118,118,1,7,"1100-1159",18,1346,1509,8,1336,1517,101,101,1,6,"1300-1359",0,18,0,0,83,1,0,0,NA
"258131",258131,0015-02-17,"N572UW",1937,15304,"Tampa, FL",11057,"Charlotte, NC","North Carolina",1026,116,116,1,7,"0800-0859",17,1043,1159,13,1015,1212,117,117,1,7,"1000-1059",0,0,117,0,0,0,0,1,NA
"258132",258132,0015-02-17,"N820AW",1938,11057,"Charlotte, NC",14122,"Pittsburgh, PA","Pennsylvania",1517,27,27,1,1,"1400-1459",12,1529,1622,5,1613,1627,14,14,0,0,"1600-1659",NA,NA,NA,NA,NA,0,0,0,1
"258138",258138,0015-02-17,"N585UW",1943,11057,"Charlotte, NC",14747,"Seattle, WA","Washington",1017,47,47,1,3,"0900-0959",16,1033,1251,6,1222,1257,35,35,1,2,"1200-1259",0,35,0,0,0,0,0,1,NA
"258140",258140,0015-02-17,"N755US",1944,11042,"Cleveland, OH",11057,"Charlotte, NC","North Carolina",1033,123,123,1,8,"0800-0859",18,1051,1214,18,1019,1232,133,133,1,8,"1000-1059",0,0,133,0,0,0,0,1,NA
"258141",258141,0015-02-17,"N744P",1944,11057,"Charlotte, NC",14100,"Philadelphia, PA","Pennsylvania",1455,215,215,1,12,"1100-1159",13,1508,1612,6,1256,1618,202,202,1,12,"1200-1259",123,0,0,0,79,1,0,0,NA
"258143",258143,0015-02-17,"N714US",1945,11057,"Charlotte, NC",11042,"Cleveland, OH","Ohio",2100,45,45,1,3,"2000-2059",14,2114,2218,7,2151,2225,34,34,1,2,"2100-2159",21,0,0,0,13,1,0,0,NA
"258144",258144,0015-02-17,"N155UW",1946,11057,"Charlotte, NC",13930,"Chicago, IL","Illinois",1211,141,141,1,9,"0900-0959",27,1238,1313,9,1108,1322,134,134,1,8,"1100-1159",0,0,0,0,134,1,0,0,NA
"258146",258146,0015-02-17,"N961UW",1948,12266,"Houston, TX",14100,"Philadelphia, PA","Pennsylvania",1855,75,75,1,5,"1700-1759",13,1908,2229,4,2147,2233,46,46,1,3,"2100-2159",2,0,0,0,44,1,0,0,NA
"258147",258147,0015-02-17,"N586UW",1950,11697,"Fort Lauderdale, FL",14100,"Philadelphia, PA","Pennsylvania",1250,60,60,1,4,"1100-1159",9,1259,1503,9,1435,1512,37,37,1,2,"1400-1459",1,0,0,0,36,1,0,0,NA
"258148",258148,0015-02-17,"N586UW",1950,14100,"Philadelphia, PA",11697,"Fort Lauderdale, FL","Florida",817,22,22,1,1,"0700-0759",54,911,1156,8,1100,1204,64,64,1,4,"1100-1159",0,22,42,0,0,0,0,1,NA
"258149",258149,0015-02-17,"N198UW",1951,11057,"Charlotte, NC",14107,"Phoenix, AZ","Arizona",1023,38,38,1,2,"0900-0959",47,1110,1330,4,1233,1334,61,61,1,4,"1200-1259",0,38,23,0,0,0,0,1,NA
"258152",258152,0015-02-17,"N631AW",1952,15304,"Tampa, FL",11057,"Charlotte, NC","North Carolina",1925,15,15,1,1,"1900-1959",9,1934,2041,23,2052,2104,12,12,0,0,"2000-2059",NA,NA,NA,NA,NA,0,0,0,1
"258154",258154,0015-02-17,"N561UW",1954,14771,"San Francisco, CA",11057,"Charlotte, NC","North Carolina",1135,20,20,1,1,"1100-1159",19,1154,1917,8,1906,1925,19,19,1,1,"1900-1959",0,0,0,0,19,1,0,0,NA
"258160",258160,0015-02-17,"N624AW",1960,11057,"Charlotte, NC",10821,"Baltimore, MD","Maryland",1149,124,124,1,8,"0900-0959",61,1250,1341,10,1110,1351,161,161,1,10,"1100-1159",0,124,37,0,0,0,0,1,NA
"258163",258163,0015-02-17,"N565UW",1961,11057,"Charlotte, NC",11697,"Fort Lauderdale, FL","Florida",1206,16,16,1,1,"1100-1159",26,1232,1408,5,1357,1413,16,16,1,1,"1300-1359",0,13,0,0,3,1,0,0,NA
"258166",258166,0015-02-17,"N816AW",1964,11057,"Charlotte, NC",13198,"Kansas City, MO","Missouri",1323,113,113,1,7,"1100-1159",29,1352,1508,4,1307,1512,125,125,1,8,"1300-1359",0,72,12,0,41,1,0,0,NA
"258169",258169,0015-02-17,"N545UW",1969,11057,"Charlotte, NC",14635,"Fort Myers, FL","Florida",829,59,59,1,3,"0700-0759",10,839,1012,3,923,1015,52,52,1,3,"0900-0959",0,52,0,0,0,0,0,1,NA
"258170",258170,0015-02-17,"N708UW",1970,11057,"Charlotte, NC",10821,"Baltimore, MD","Maryland",1512,112,112,1,7,"1300-1359",16,1528,1620,10,1442,1630,108,108,1,7,"1400-1459",3,0,0,0,105,1,0,0,NA
"258171",258171,0015-02-17,"N708UW",1970,11618,"Newark, NJ",11057,"Charlotte, NC","North Carolina",1158,88,88,1,5,"1000-1059",16,1214,1414,10,1229,1424,115,115,1,7,"1200-1259",12,0,27,0,76,1,0,0,NA
"258173",258173,0015-02-17,"N585UW",1971,14747,"Seattle, WA",11057,"Charlotte, NC","North Carolina",1341,16,16,1,1,"1300-1359",9,1350,2058,8,2114,2106,-8,0,0,-1,"2100-2159",NA,NA,NA,NA,NA,0,0,0,1
"258174",258174,0015-02-17,"N604AW",1972,11057,"Charlotte, NC",11618,"Newark, NJ","New Jersey",1644,104,104,1,6,"1500-1559",18,1702,1820,5,1647,1825,98,98,1,6,"1600-1659",90,0,0,0,8,1,0,0,NA
"258175",258175,0015-02-17,"N556UW",1972,14027,"West Palm Beach/Palm Beach, FL",11057,"Charlotte, NC","North Carolina",1221,21,21,1,1,"1200-1259",17,1238,1413,12,1355,1425,30,30,1,2,"1300-1359",4,0,9,0,17,1,0,0,NA
"258178",258178,0015-02-17,"N746UW",1974,11278,"Washington, DC",11697,"Fort Lauderdale, FL","Florida",1513,18,18,1,1,"1400-1459",18,1531,1753,4,1741,1757,16,16,1,1,"1700-1759",16,0,0,0,0,0,1,0,NA
"258181",258181,0015-02-17,"N121UW",1976,12266,"Houston, TX",11057,"Charlotte, NC","North Carolina",1619,39,39,1,2,"1500-1559",16,1635,1912,12,1900,1924,24,24,1,1,"1900-1959",0,0,0,0,24,1,0,0,NA
"258188",258188,0015-02-17,"N151UW",1982,11057,"Charlotte, NC",10721,"Boston, MA","Massachusetts",1047,67,67,1,4,"0900-0959",17,1104,1231,10,1148,1241,53,53,1,3,"1100-1159",0,1,0,0,52,1,0,0,NA
"258189",258189,0015-02-17,"N151UW",1982,11298,"Dallas/Fort Worth, TX",11057,"Charlotte, NC","North Carolina",649,104,104,1,6,"0001-0559",14,703,943,8,828,951,83,83,1,5,"0800-0859",83,0,0,0,0,0,1,0,NA
"258190",258190,0015-02-17,"N747UW",1983,10792,"Buffalo, NY",11057,"Charlotte, NC","North Carolina",1019,124,124,1,8,"0800-0859",11,1030,1208,20,1020,1228,128,128,1,8,"1000-1059",0,124,4,0,0,0,0,1,NA
"258191",258191,0015-02-17,"N747UW",1983,11057,"Charlotte, NC",14027,"West Palm Beach/Palm Beach, FL","Florida",1323,124,124,1,8,"1100-1159",17,1340,1516,6,1306,1522,136,136,1,9,"1300-1359",0,10,12,0,114,1,0,0,NA
"258192",258192,0015-02-17,"N708UW",1984,11057,"Charlotte, NC",11618,"Newark, NJ","New Jersey",922,98,98,1,6,"0700-0759",35,957,1104,7,929,1111,102,102,1,6,"0900-0959",0,98,4,0,0,0,0,1,NA
"258194",258194,0015-02-17,"N952UW",1986,14100,"Philadelphia, PA",13487,"Minneapolis, MN","Minnesota",1949,120,120,1,8,"1700-1759",9,1958,2128,4,1949,2132,103,103,1,6,"1900-1959",7,0,0,0,96,1,0,0,NA
"258195",258195,0015-02-17,"N952UW",1986,14122,"Pittsburgh, PA",14100,"Philadelphia, PA","Pennsylvania",1803,153,153,1,10,"1500-1559",11,1814,1858,3,1702,1901,119,119,1,7,"1700-1759",4,0,0,0,115,1,0,0,NA
"258197",258197,0015-02-17,"N711UW",1988,11057,"Charlotte, NC",10257,"Albany, NY","New York",1245,55,55,1,3,"1100-1159",22,1307,1428,3,1352,1431,39,39,1,2,"1300-1359",0,39,0,0,0,0,0,1,NA
"258205",258205,0015-02-17,"N716UW",1992,11697,"Fort Lauderdale, FL",11278,"Washington, DC","Virginia",1218,20,20,1,1,"1100-1159",14,1232,1424,12,1430,1436,6,6,0,0,"1400-1459",NA,NA,NA,NA,NA,0,0,0,1
"258208",258208,0015-02-17,"N183UW",1995,11057,"Charlotte, NC",12892,"Los Angeles, CA","California",1302,67,67,1,4,"1100-1159",52,1354,1551,16,1429,1607,98,98,1,6,"1400-1459",67,0,31,0,0,0,1,0,NA
"258209",258209,0015-02-17,"N567UW",1996,11057,"Charlotte, NC",14307,"Providence, RI","Rhode Island",2259,159,159,1,10,"2000-2059",16,2315,33,11,2213,44,151,151,1,10,"2200-2259",34,0,0,0,117,1,0,0,NA
"258212",258212,0015-02-17,"N747UW",1998,11057,"Charlotte, NC",10821,"Baltimore, MD","Maryland",35,135,135,1,9,"2200-2259",17,52,142,7,2340,149,129,129,1,8,"2300-2359",0,0,0,0,129,1,0,0,NA
"258213",258213,0015-02-17,"N814AW",1998,13495,"New Orleans, LA",11057,"Charlotte, NC","North Carolina",1836,16,16,1,1,"1800-1859",16,1852,2110,8,2102,2118,16,16,1,1,"2100-2159",7,0,0,0,9,1,0,0,NA
"258215",258215,0015-02-17,"N563UW",1999,11057,"Charlotte, NC",10721,"Boston, MA","Massachusetts",1738,88,88,1,5,"1600-1659",17,1755,1927,12,1815,1939,84,84,1,5,"1800-1859",84,0,0,0,0,0,1,0,NA
"258216",258216,0015-02-17,"N832AW",2000,11278,"Washington, DC",13204,"Orlando, FL","Florida",1909,84,84,1,5,"1700-1759",16,1925,2153,18,2014,2211,117,117,1,7,"2000-2059",0,0,33,0,84,1,0,0,NA
"258218",258218,0015-02-17,"N750UW",2002,11057,"Charlotte, NC",10721,"Boston, MA","Massachusetts",1527,68,68,1,4,"1400-1459",17,1544,1732,9,1620,1741,81,81,1,5,"1600-1659",2,0,13,0,66,1,0,0,NA
"258219",258219,0015-02-17,"N750UW",2002,13244,"Memphis, TN",11057,"Charlotte, NC","North Carolina",1206,71,71,1,4,"1000-1059",14,1220,1429,11,1330,1440,70,70,1,4,"1300-1359",0,23,0,0,47,1,0,0,NA
"258220",258220,0015-02-17,"N807AW",2004,13487,"Minneapolis, MN",14100,"Philadelphia, PA","Pennsylvania",1742,82,82,1,5,"1600-1659",37,1819,2124,11,1948,2135,107,107,1,7,"1900-1959",5,0,25,0,77,1,0,0,NA
"258224",258224,0015-02-17,"N730US",2006,11057,"Charlotte, NC",14524,"Richmond, VA","Virginia",2035,30,30,1,2,"2000-2059",14,2049,2131,6,2109,2137,28,28,1,1,"2100-2159",7,0,0,0,21,1,0,0,NA
"258226",258226,0015-02-17,"N971UY",2007,14635,"Fort Myers, FL",14100,"Philadelphia, PA","Pennsylvania",1222,22,22,1,1,"1200-1259",15,1237,1437,8,1437,1445,8,8,0,0,"1400-1459",NA,NA,NA,NA,NA,0,0,0,1
"258227",258227,0015-02-17,"N290AY",2008,13204,"Orlando, FL",14100,"Philadelphia, PA","Pennsylvania",2109,94,94,1,6,"1900-1959",16,2125,2313,3,2152,2316,84,84,1,5,"2100-2159",3,0,0,0,81,1,0,0,NA
"258229",258229,0015-02-17,"N125UW",2011,14027,"West Palm Beach/Palm Beach, FL",14100,"Philadelphia, PA","Pennsylvania",2005,35,35,1,2,"1900-1959",11,2016,2209,5,2157,2214,17,17,1,1,"2100-2159",5,0,0,0,12,1,0,0,NA
"258230",258230,0015-02-17,"N125UW",2011,14100,"Philadelphia, PA",14027,"West Palm Beach/Palm Beach, FL","Florida",1625,30,30,1,2,"1500-1559",17,1642,1911,4,1841,1915,34,34,1,2,"1800-1859",30,0,4,0,0,0,1,0,NA
"258234",258234,0015-02-17,"N712US",2014,11298,"Dallas/Fort Worth, TX",14100,"Philadelphia, PA","Pennsylvania",2043,163,163,1,10,"1800-1859",15,2058,29,9,2202,38,156,156,1,10,"2200-2259",141,0,0,0,15,1,0,0,NA
"258236",258236,0015-02-17,"N624AW",2017,10821,"Baltimore, MD",11057,"Charlotte, NC","North Carolina",1509,189,189,1,12,"1200-1259",11,1520,1633,4,1330,1637,187,187,1,12,"1300-1359",38,0,0,0,149,1,0,0,NA
"258237",258237,0015-02-17,"N650AW",2017,11057,"Charlotte, NC",12478,"New York, NY","New York",1544,84,84,1,5,"1400-1459",30,1614,1721,19,1605,1740,95,95,1,6,"1600-1659",84,0,11,0,0,0,1,0,NA
"258241",258241,0015-02-17,"N108UW",2022,11697,"Fort Lauderdale, FL",14100,"Philadelphia, PA","Pennsylvania",2012,42,42,1,2,"1900-1959",17,2029,2227,3,2207,2230,23,23,1,1,"2200-2259",13,0,0,0,10,1,0,0,NA
"258242",258242,0015-02-17,"N108UW",2022,14100,"Philadelphia, PA",11697,"Fort Lauderdale, FL","Florida",1607,22,22,1,1,"1500-1559",18,1625,1857,12,1840,1909,29,29,1,1,"1800-1859",22,0,7,0,0,0,1,0,NA
"258246",258246,0015-02-17,"N554UW",2026,14107,"Phoenix, AZ",14100,"Philadelphia, PA","Pennsylvania",13,23,23,1,1,"2300-2359",16,29,625,4,603,629,26,26,1,1,"0600-0659",23,0,3,0,0,0,1,0,NA
"258249",258249,0015-02-17,"N754UW",2028,11057,"Charlotte, NC",14524,"Richmond, VA","Virginia",1812,22,22,1,1,"1700-1759",16,1828,1906,5,1855,1911,16,16,1,1,"1800-1859",0,0,0,0,16,1,0,0,NA
"258251",258251,0015-02-17,"N178US",2029,11057,"Charlotte, NC",14771,"San Francisco, CA","California",1741,66,66,1,4,"1600-1659",14,1755,2026,5,1921,2031,70,70,1,4,"1900-1959",0,0,70,0,0,0,0,1,NA
"258253",258253,0015-02-17,"N952UW",2030,12451,"Jacksonville, FL",14100,"Philadelphia, PA","Pennsylvania",1313,143,143,1,9,"1000-1059",12,1325,1457,18,1250,1515,145,145,1,9,"1200-1259",0,0,2,0,143,1,0,0,NA
"258254",258254,0015-02-17,"N952UW",2030,14100,"Philadelphia, PA",14122,"Pittsburgh, PA","Pennsylvania",1606,141,141,1,9,"1300-1359",22,1628,1724,4,1500,1728,148,148,1,9,"1500-1559",11,0,7,0,130,1,0,0,NA
"258255",258255,0015-02-17,"N834AW",2031,14100,"Philadelphia, PA",10397,"Atlanta, GA","Georgia",1749,89,89,1,5,"1600-1659",39,1828,2034,9,1842,2043,121,121,1,8,"1800-1859",15,0,32,0,74,1,0,0,NA
"258257",258257,0015-02-17,"N802AW",2032,11057,"Charlotte, NC",12451,"Jacksonville, FL","Florida",1657,58,58,1,3,"1500-1559",17,1714,1814,6,1715,1820,65,65,1,4,"1700-1759",44,0,7,0,14,1,0,0,NA
"258258",258258,0015-02-17,"N945UW",2033,10721,"Boston, MA",14100,"Philadelphia, PA","Pennsylvania",1247,17,17,1,1,"1200-1259",33,1320,1433,8,1403,1441,38,38,1,2,"1400-1459",0,0,38,0,0,0,0,1,NA
"258260",258260,0015-02-17,"N762US",2034,14492,"Raleigh/Durham, NC",11057,"Charlotte, NC","North Carolina",2048,68,68,1,4,"1900-1959",14,2102,2143,8,2041,2151,70,70,1,4,"2000-2059",11,0,2,0,57,1,0,0,NA
"258261",258261,0015-02-17,"N701UW",2035,11057,"Charlotte, NC",12451,"Jacksonville, FL","Florida",2252,27,27,1,1,"2200-2259",11,2303,2359,3,2344,2,18,18,1,1,"2300-2359",18,0,0,0,0,0,1,0,NA
"258263",258263,0015-02-17,"N713UW",2036,11057,"Charlotte, NC",15096,"Syracuse, NY","New York",1702,42,42,1,2,"1600-1659",13,1715,1828,6,1806,1834,28,28,1,1,"1800-1859",28,0,0,0,0,0,1,0,NA
"258265",258265,0015-02-17,"N825AW",2037,14027,"West Palm Beach/Palm Beach, FL",14100,"Philadelphia, PA","Pennsylvania",1522,77,77,1,5,"1400-1459",15,1537,1736,11,1639,1747,68,68,1,4,"1600-1659",11,0,0,0,57,1,0,0,NA
"258266",258266,0015-02-17,"N825AW",2037,14100,"Philadelphia, PA",10397,"Atlanta, GA","Georgia",1842,22,22,1,1,"1800-1859",17,1859,2104,9,2049,2113,24,24,1,1,"2000-2059",10,0,2,0,12,1,0,0,NA
"258267",258267,0015-02-17,"N747UW",2038,10792,"Buffalo, NY",11057,"Charlotte, NC","North Carolina",2150,175,175,1,11,"1800-1859",21,2211,2346,9,2050,2355,185,185,1,12,"2000-2059",0,9,10,0,166,1,0,0,NA
"258270",258270,0015-02-17,"N151UW",2039,14635,"Fort Myers, FL",11057,"Charlotte, NC","North Carolina",2046,96,96,1,6,"1900-1959",11,2057,2215,5,2104,2220,76,76,1,5,"2100-2159",4,0,0,0,72,1,0,0,NA
"258272",258272,0015-02-17,"N722US",2041,11057,"Charlotte, NC",10397,"Atlanta, GA","Georgia",1851,52,52,1,3,"1700-1759",18,1909,1955,9,1915,2004,49,49,1,3,"1900-1959",13,0,0,0,36,1,0,0,NA
"258273",258273,0015-02-17,"N722US",2041,11278,"Washington, DC",11057,"Charlotte, NC","North Carolina",1556,26,26,1,1,"1500-1559",19,1615,1733,19,1702,1752,50,50,1,3,"1700-1759",9,0,24,0,17,1,0,0,NA
"258279",258279,0015-02-17,"N957UW",2044,14100,"Philadelphia, PA",14492,"Raleigh/Durham, NC","North Carolina",1752,122,122,1,8,"1500-1559",19,1811,1918,7,1716,1925,129,129,1,8,"1700-1759",71,0,7,0,51,1,0,0,NA
"258280",258280,0015-02-17,"N957UW",2044,14683,"San Antonio, TX",14100,"Philadelphia, PA","Pennsylvania",1204,114,114,1,7,"1000-1059",14,1218,1554,7,1431,1601,90,90,1,6,"1400-1459",90,0,0,0,0,0,1,0,NA
"258283",258283,0015-02-17,"N151UW",2046,10721,"Boston, MA",11057,"Charlotte, NC","North Carolina",1356,71,71,1,4,"1200-1259",29,1425,1653,4,1515,1657,102,102,1,6,"1500-1559",0,0,102,0,0,0,0,1,NA
"258284",258284,0015-02-17,"N151UW",2046,11057,"Charlotte, NC",14635,"Fort Myers, FL","Florida",1801,101,101,1,6,"1600-1659",11,1812,1950,6,1813,1956,103,103,1,6,"1800-1859",9,0,2,0,92,1,0,0,NA
"258288",258288,0015-02-17,"N176UW",2050,11057,"Charlotte, NC",12953,"New York, NY","New York",1703,48,48,1,3,"1600-1659",14,1717,1824,6,1800,1830,30,30,1,2,"1800-1859",0,0,30,0,0,0,0,1,NA
"258291",258291,0015-02-17,"N809AW",2052,11057,"Charlotte, NC",14321,"Portland, ME","Maine",1849,54,54,1,3,"1700-1759",25,1914,2044,3,2001,2047,46,46,1,3,"2000-2059",46,0,0,0,0,0,1,0,NA
"258293",258293,0015-02-17,"N124US",2053,11057,"Charlotte, NC",15304,"Tampa, FL","Florida",1404,144,144,1,9,"1100-1159",14,1418,1542,3,1327,1545,138,138,1,9,"1300-1359",0,0,0,0,138,1,0,0,NA
"258295",258295,0015-02-17,"N124US",2053,15304,"Tampa, FL",14100,"Philadelphia, PA","Pennsylvania",1639,134,134,1,8,"1400-1459",9,1648,1834,5,1655,1839,104,104,1,6,"1600-1659",11,0,0,0,93,1,0,0,NA
"258296",258296,0015-02-17,"N173US",2054,10721,"Boston, MA",11057,"Charlotte, NC","North Carolina",615,15,15,1,1,"0600-0659",21,636,900,12,836,912,36,36,1,2,"0800-0859",15,0,21,0,0,0,1,0,NA
"258297",258297,0015-02-17,"N173US",2054,11057,"Charlotte, NC",12892,"Los Angeles, CA","California",1035,50,50,1,3,"0900-0959",22,1057,1259,8,1219,1307,48,48,1,3,"1200-1259",0,27,0,0,21,1,0,0,NA
"258298",258298,0015-02-17,"N915US",2055,14100,"Philadelphia, PA",13303,"Miami, FL","Florida",829,54,54,1,3,"0700-0759",106,1015,1303,7,1037,1310,153,153,1,10,"1000-1059",0,54,99,0,0,0,0,1,NA
"258300",258300,0015-02-17,"N155UW",2056,13930,"Chicago, IL",11057,"Charlotte, NC","North Carolina",1421,126,126,1,8,"1200-1259",14,1435,1704,9,1512,1713,121,121,1,8,"1500-1559",13,0,0,0,108,1,0,0,NA
"258303",258303,0015-02-17,"N822AW",2059,11057,"Charlotte, NC",13303,"Miami, FL","Florida",1512,52,52,1,3,"1400-1459",13,1525,1709,7,1622,1716,54,54,1,3,"1600-1659",41,0,2,0,11,1,0,0,NA
"258304",258304,0015-02-17,"N822AW",2059,11278,"Washington, DC",11057,"Charlotte, NC","North Carolina",1212,17,17,1,1,"1100-1159",11,1223,1338,8,1326,1346,20,20,1,1,"1300-1359",17,0,3,0,0,0,1,0,NA
"258305",258305,0015-02-17,"N700UW",2060,11057,"Charlotte, NC",12953,"New York, NY","New York",842,157,157,1,10,"0600-0659",50,932,1039,6,746,1045,179,179,1,11,"0700-0759",0,157,22,0,0,0,0,1,NA
"258312",258312,0015-02-17,"N549UW",2064,11057,"Charlotte, NC",12953,"New York, NY","New York",1214,24,24,1,1,"1100-1159",22,1236,1342,4,1341,1346,5,5,0,0,"1300-1359",NA,NA,NA,NA,NA,0,0,0,1
"258319",258319,0015-02-17,"N762US",2067,14492,"Raleigh/Durham, NC",11057,"Charlotte, NC","North Carolina",1726,81,81,1,5,"1600-1659",7,1733,1817,6,1706,1823,77,77,1,5,"1700-1759",25,0,0,0,52,1,0,0,NA
"258320",258320,0015-02-17,"N519UW",2068,11057,"Charlotte, NC",12953,"New York, NY","New York",1513,48,48,1,3,"1400-1459",27,1540,1647,5,1607,1652,45,45,1,3,"1600-1659",3,0,0,0,42,1,0,0,NA
"258321",258321,0015-02-17,"N519UW",2068,14107,"Phoenix, AZ",11057,"Charlotte, NC","North Carolina",806,36,36,1,2,"0700-0759",39,845,1409,6,1320,1415,55,55,1,3,"1300-1359",0,0,55,0,0,0,0,1,NA
"258323",258323,0015-02-17,"N122US",2069,12478,"New York, NY",11057,"Charlotte, NC","North Carolina",1620,260,260,1,12,"1200-1259",40,1700,1855,9,1401,1904,303,303,1,12,"1400-1459",0,260,43,0,0,0,0,1,NA
"258324",258324,0015-02-17,"N755US",2070,10529,"Hartford, CT",11057,"Charlotte, NC","North Carolina",2025,70,70,1,4,"1900-1959",29,2054,2304,8,2125,2312,107,107,1,7,"2100-2159",1,0,37,0,69,1,0,0,NA
"258325",258325,0015-02-17,"N755US",2070,11057,"Charlotte, NC",11042,"Cleveland, OH","Ohio",2400,100,100,1,6,"2200-2259",12,12,114,7,2352,121,89,89,1,5,"2300-2359",3,0,0,0,86,1,0,0,NA
"258326",258326,0015-02-17,"N538UW",2091,11057,"Charlotte, NC",11298,"Dallas/Fort Worth, TX","Texas",954,144,144,1,9,"0700-0759",23,1017,1201,9,926,1210,164,164,1,10,"0900-0959",0,144,20,0,0,0,0,1,NA
"258327",258327,0015-02-17,"N538UW",2091,11298,"Dallas/Fort Worth, TX",11057,"Charlotte, NC","North Carolina",1254,149,149,1,9,"1000-1059",13,1307,1600,8,1347,1608,141,141,1,9,"1300-1359",141,0,0,0,0,0,1,0,NA
"258331",258331,0015-02-17,"N946UW",2117,11278,"Washington, DC",12953,"New York, NY","New York",2239,39,39,1,2,"2200-2259",27,2306,2345,7,2304,2352,48,48,1,3,"2300-2359",7,0,9,0,32,1,0,0,NA
"258332",258332,0015-02-17,"N963UW",2118,10721,"Boston, MA",12953,"New York, NY","New York",1839,39,39,1,2,"1800-1859",30,1909,1954,7,1924,2001,37,37,1,2,"1900-1959",0,0,37,0,0,0,0,1,NA
"258333",258333,0015-02-17,"N963UW",2118,12953,"New York, NY",10721,"Boston, MA","Massachusetts",1635,35,35,1,2,"1600-1659",30,1705,1755,9,1717,1804,47,47,1,3,"1700-1759",2,0,12,0,33,1,0,0,NA
"258335",258335,0015-02-17,"N830AW",2119,11278,"Washington, DC",10721,"Boston, MA","Massachusetts",1347,17,17,1,1,"1300-1359",17,1404,1459,7,1452,1506,14,14,0,0,"1400-1459",NA,NA,NA,NA,NA,0,0,0,1
"258338",258338,0015-02-17,"N958UW",2121,10721,"Boston, MA",12953,"New York, NY","New York",1143,43,43,1,2,"1100-1159",44,1227,1321,6,1213,1327,74,74,1,4,"1200-1259",0,0,74,0,0,0,0,1,NA
"258340",258340,0015-02-17,"N959UW",2122,12953,"New York, NY",10721,"Boston, MA","Massachusetts",2018,78,78,1,5,"1900-1959",15,2033,2119,7,2011,2126,75,75,1,5,"2000-2059",0,0,0,0,75,1,0,0,NA
"258346",258346,0015-02-17,"N965UW",2126,10721,"Boston, MA",12953,"New York, NY","New York",815,15,15,1,1,"0800-0859",14,829,932,7,919,939,20,20,1,1,"0900-0959",0,0,20,0,0,0,0,1,NA
"258349",258349,0015-02-17,"N963UW",2128,12953,"New York, NY",10721,"Boston, MA","Massachusetts",2239,159,159,1,10,"2000-2059",14,2253,2334,8,2113,2342,149,149,1,9,"2100-2159",120,0,0,0,29,1,0,0,NA
"258352",258352,0015-02-17,"N813AW",2130,10721,"Boston, MA",11278,"Washington, DC","Virginia",1100,60,60,1,4,"1000-1059",45,1145,1309,3,1136,1312,96,96,1,6,"1100-1159",0,0,96,0,0,0,0,1,NA
"258354",258354,0015-02-17,"N958UW",2131,10721,"Boston, MA",12953,"New York, NY","New York",1538,38,38,1,2,"1500-1559",34,1612,1659,6,1620,1705,45,45,1,3,"1600-1659",0,0,45,0,0,0,0,1,NA
"258355",258355,0015-02-17,"N958UW",2131,12953,"New York, NY",10721,"Boston, MA","Massachusetts",1351,51,51,1,3,"1300-1359",14,1405,1439,7,1407,1446,39,39,1,2,"1400-1459",0,0,0,0,39,1,0,0,NA
"258362",258362,0015-02-17,"N965UW",2136,10721,"Boston, MA",12953,"New York, NY","New York",1239,39,39,1,2,"1200-1259",33,1312,1401,6,1314,1407,53,53,1,3,"1300-1359",0,0,53,0,0,0,0,1,NA
"258369",258369,0015-02-17,"N840AW",2140,11278,"Washington, DC",10721,"Boston, MA","Massachusetts",2123,113,113,1,7,"1900-1959",15,2138,2230,10,2054,2240,106,106,1,7,"2000-2059",106,0,0,0,0,0,1,0,NA
"258370",258370,0015-02-17,"N958UW",2141,10721,"Boston, MA",12953,"New York, NY","New York",1937,37,37,1,2,"1900-1959",21,1958,2040,14,2021,2054,33,33,1,2,"2000-2059",33,0,0,0,0,0,1,0,NA
"258371",258371,0015-02-17,"N958UW",2141,12953,"New York, NY",10721,"Boston, MA","Massachusetts",1734,34,34,1,2,"1700-1759",42,1816,1900,9,1815,1909,54,54,1,3,"1800-1859",0,0,20,0,34,1,0,0,NA
"258374",258374,0015-02-17,"N944UW",2143,11278,"Washington, DC",12953,"New York, NY","New York",1348,48,48,1,3,"1300-1359",15,1403,1439,4,1426,1443,17,17,1,1,"1400-1459",17,0,0,0,0,0,1,0,NA
"258375",258375,0015-02-17,"N944UW",2143,12953,"New York, NY",11278,"Washington, DC","Virginia",1517,17,17,1,1,"1500-1559",17,1534,1627,4,1621,1631,10,10,0,0,"1600-1659",NA,NA,NA,NA,NA,0,0,0,1
"258379",258379,0015-02-17,"N967UW",2145,12953,"New York, NY",11278,"Washington, DC","Virginia",1828,28,28,1,1,"1800-1859",33,1901,1950,2,1922,1952,30,30,1,2,"1900-1959",0,0,2,0,28,1,0,0,NA
"258380",258380,0015-02-17,"N965UW",2146,10721,"Boston, MA",12953,"New York, NY","New York",1724,84,84,1,5,"1600-1659",39,1803,1848,9,1720,1857,97,97,1,6,"1700-1759",0,0,97,0,0,0,0,1,NA
"258381",258381,0015-02-17,"N965UW",2146,12953,"New York, NY",10721,"Boston, MA","Massachusetts",1506,66,66,1,4,"1400-1459",40,1546,1623,8,1503,1631,88,88,1,5,"1500-1559",29,0,22,0,37,1,0,0,NA
"258382",258382,0015-02-17,"N946UW",2147,11278,"Washington, DC",12953,"New York, NY","New York",1056,56,56,1,3,"1000-1059",14,1110,1146,6,1125,1152,27,27,1,1,"1100-1159",27,0,0,0,0,0,1,0,NA
"258383",258383,0015-02-17,"N946UW",2147,12953,"New York, NY",11278,"Washington, DC","Virginia",1229,29,29,1,1,"1200-1259",20,1249,1337,25,1318,1402,44,44,1,2,"1300-1359",7,0,15,0,22,1,0,0,NA
"258384",258384,0015-02-17,"N963UW",2148,10721,"Boston, MA",12953,"New York, NY","New York",632,32,32,1,2,"0600-0659",22,654,753,7,722,800,38,38,1,2,"0700-0759",32,0,6,0,0,0,1,0,NA
"258385",258385,0015-02-17,"N750UW",2149,10721,"Boston, MA",11278,"Washington, DC","Virginia",1830,90,90,1,6,"1700-1759",34,1904,2028,16,1841,2044,123,123,1,8,"1800-1859",0,0,123,0,0,0,0,1,NA
"258386",258386,0015-02-17,"N839AW",2149,11278,"Washington, DC",10721,"Boston, MA","Massachusetts",1508,38,38,1,2,"1400-1459",32,1540,1633,14,1555,1647,52,52,1,3,"1500-1559",27,0,14,0,11,1,0,0,NA
"258388",258388,0015-02-17,"N958UW",2151,12953,"New York, NY",10721,"Boston, MA","Massachusetts",2115,15,15,1,1,"2100-2159",14,2129,2201,17,2207,2218,11,11,0,0,"2200-2259",NA,NA,NA,NA,NA,0,0,0,1
"258389",258389,0015-02-17,"N959UW",2152,10721,"Boston, MA",12953,"New York, NY","New York",923,23,23,1,1,"0900-0959",61,1024,1111,6,1021,1117,56,56,1,3,"1000-1059",0,0,56,0,0,0,0,1,NA
"258393",258393,0015-02-17,"N948UW",2154,11278,"Washington, DC",12953,"New York, NY","New York",1127,27,27,1,1,"1100-1159",17,1144,1220,5,1212,1225,13,13,0,0,"1200-1259",NA,NA,NA,NA,NA,0,0,0,1
"258395",258395,0015-02-17,"N967UW",2155,11278,"Washington, DC",12953,"New York, NY","New York",2025,25,25,1,1,"2000-2059",12,2037,2119,8,2122,2127,5,5,0,0,"2100-2159",NA,NA,NA,NA,NA,0,0,0,1
"258396",258396,0015-02-17,"N965UW",2156,10721,"Boston, MA",12953,"New York, NY","New York",2104,64,64,1,4,"2000-2059",13,2117,2203,5,2125,2208,43,43,1,2,"2100-2159",43,0,0,0,0,0,1,0,NA
"258397",258397,0015-02-17,"N965UW",2156,12953,"New York, NY",10721,"Boston, MA","Massachusetts",1928,88,88,1,5,"1800-1859",32,2000,2032,8,1915,2040,85,85,1,5,"1900-1959",0,1,0,0,84,1,0,0,NA
"258398",258398,0015-02-17,"N946UW",2157,11278,"Washington, DC",12953,"New York, NY","New York",1433,33,33,1,2,"1400-1459",31,1504,1543,5,1522,1548,26,26,1,1,"1500-1559",1,0,0,0,25,1,0,0,NA
"258399",258399,0015-02-17,"N946UW",2157,12953,"New York, NY",11278,"Washington, DC","Virginia",1615,15,15,1,1,"1600-1659",26,1641,1729,3,1723,1732,9,9,0,0,"1700-1759",NA,NA,NA,NA,NA,0,0,0,1
"258400",258400,0015-02-17,"N963UW",2158,10721,"Boston, MA",12953,"New York, NY","New York",1023,23,23,1,1,"1000-1059",11,1034,1118,5,1122,1123,1,1,0,0,"1100-1159",NA,NA,NA,NA,NA,0,0,0,1
"258401",258401,0015-02-17,"N963UW",2158,12953,"New York, NY",10721,"Boston, MA","Massachusetts",827,27,27,1,1,"0800-0859",44,911,943,8,905,951,46,46,1,3,"0900-0959",0,0,19,0,27,1,0,0,NA
"258405",258405,0015-02-17,"N959UW",2162,10721,"Boston, MA",12953,"New York, NY","New York",1354,54,54,1,3,"1300-1359",40,1434,1528,5,1426,1533,67,67,1,4,"1400-1459",0,0,67,0,0,0,0,1,NA
"258406",258406,0015-02-17,"N959UW",2162,12953,"New York, NY",10721,"Boston, MA","Massachusetts",1154,54,54,1,3,"1100-1159",35,1229,1301,11,1208,1312,64,64,1,4,"1200-1259",7,0,10,0,47,1,0,0,NA
"258407",258407,0015-02-17,"N948UW",2164,11278,"Washington, DC",12953,"New York, NY","New York",1522,22,22,1,1,"1500-1559",70,1632,1711,6,1621,1717,56,56,1,3,"1600-1659",0,0,34,0,22,1,0,0,NA
"258408",258408,0015-02-17,"N948UW",2164,12953,"New York, NY",11278,"Washington, DC","Virginia",1752,52,52,1,3,"1700-1759",27,1819,1913,3,1822,1916,54,54,1,3,"1800-1859",5,0,2,0,47,1,0,0,NA
"258411",258411,0015-02-17,"N946UW",2167,12953,"New York, NY",11278,"Washington, DC","Virginia",2039,39,39,1,2,"2000-2059",27,2106,2155,7,2124,2202,38,38,1,2,"2100-2159",0,7,0,0,31,1,0,0,NA
"258412",258412,0015-02-17,"N963UW",2168,10721,"Boston, MA",12953,"New York, NY","New York",1434,34,34,1,2,"1400-1459",29,1503,1549,14,1520,1603,43,43,1,2,"1500-1559",0,0,43,0,0,0,0,1,NA
"258419",258419,0015-02-17,"N959UW",2172,10721,"Boston, MA",12953,"New York, NY","New York",1811,71,71,1,4,"1700-1759",46,1857,1943,8,1823,1951,88,88,1,5,"1800-1859",0,0,88,0,0,0,0,1,NA
"258420",258420,0015-02-17,"N959UW",2172,12953,"New York, NY",10721,"Boston, MA","Massachusetts",1601,61,61,1,4,"1500-1559",33,1634,1716,12,1609,1728,79,79,1,5,"1600-1659",0,0,18,0,61,1,0,0,NA
"258422",258422,0015-02-17,"N948UW",2174,11278,"Washington, DC",12953,"New York, NY","New York",1951,51,51,1,3,"1900-1959",29,2020,2102,6,2023,2108,45,45,1,3,"2000-2059",4,0,0,0,41,1,0,0,NA
"258423",258423,0015-02-17,"N948UW",2174,12953,"New York, NY",11278,"Washington, DC","Virginia",2133,33,33,1,2,"2100-2159",17,2150,2245,8,2219,2253,34,34,1,2,"2200-2259",0,0,1,0,33,1,0,0,NA
"258426",258426,0015-02-17,"N658AW",403,12339,"Indianapolis, IN",14107,"Phoenix, AZ","Arizona",617,32,32,1,2,"0001-0559",30,647,808,5,748,813,25,25,1,1,"0700-0759",25,0,0,0,0,0,1,0,NA
"258430",258430,0015-02-17,"N199UW",404,11057,"Charlotte, NC",11298,"Dallas/Fort Worth, TX","Texas",1948,83,83,1,5,"1800-1859",19,2007,2142,9,2027,2151,84,84,1,5,"2000-2059",83,0,1,0,0,0,1,0,NA
"258434",258434,0015-02-17,"N552UW",407,14107,"Phoenix, AZ",14771,"San Francisco, CA","California",1526,31,31,1,2,"1400-1459",21,1547,1622,3,1602,1625,23,23,1,1,"1600-1659",0,0,23,0,0,0,0,1,NA
"258444",258444,0015-02-17,"N155UW",413,12478,"New York, NY",11057,"Charlotte, NC","North Carolina",805,105,105,1,7,"0600-0659",94,939,1117,10,827,1127,180,180,1,12,"0800-0859",0,105,75,0,0,0,0,1,NA
"258449",258449,0015-02-17,"N680AW",419,14100,"Philadelphia, PA",12889,"Las Vegas, NV","Nevada",2058,23,23,1,1,"2000-2059",22,2120,2320,7,2307,2327,20,20,1,1,"2300-2359",2,0,0,0,18,1,0,0,NA
"258453",258453,0015-02-17,"N604AW",423,11618,"Newark, NJ",11057,"Charlotte, NC","North Carolina",1916,47,47,1,3,"1800-1859",16,1932,2121,5,2037,2126,49,49,1,3,"2000-2059",11,0,2,0,36,1,0,0,NA
"258464",258464,0015-02-17,"N560UW",433,14107,"Phoenix, AZ",14771,"San Francisco, CA","California",1147,27,27,1,1,"1100-1159",10,1157,1235,4,1234,1239,5,5,0,0,"1200-1259",NA,NA,NA,NA,NA,0,0,0,1
"258467",258467,0015-02-17,"N665AW",435,14107,"Phoenix, AZ",14747,"Seattle, WA","Washington",1200,35,35,1,2,"1100-1159",14,1214,1347,6,1339,1353,14,14,0,0,"1300-1359",NA,NA,NA,NA,NA,0,0,0,1
"258470",258470,0015-02-17,"N758US",438,12266,"Houston, TX",14107,"Phoenix, AZ","Arizona",630,40,40,1,2,"0001-0559",17,647,816,3,746,819,33,33,1,2,"0700-0759",33,0,0,0,0,0,1,0,NA
"258479",258479,0015-02-17,"N654AW",449,14107,"Phoenix, AZ",10713,"Boise, ID","Idaho",2211,62,62,1,4,"2100-2159",12,2223,13,4,2321,17,56,56,1,3,"2300-2359",56,0,0,0,0,0,1,0,NA
"258483",258483,0015-02-17,"N154UW",451,11057,"Charlotte, NC",14869,"Salt Lake City, UT","Utah",2241,156,156,1,10,"2000-2059",15,2256,113,4,2236,117,161,161,1,10,"2200-2259",135,0,5,0,21,1,0,0,NA
"258485",258485,0015-02-17,"N803AW",453,11057,"Charlotte, NC",10423,"Austin, TX","Texas",1400,64,64,1,4,"1200-1259",80,1520,1635,7,1506,1642,96,96,1,6,"1500-1559",0,0,32,0,64,1,0,0,NA
"258492",258492,0015-02-17,"N171US",457,11298,"Dallas/Fort Worth, TX",14107,"Phoenix, AZ","Arizona",1056,161,161,1,10,"0800-0859",21,1117,1226,3,1010,1229,139,139,1,9,"1000-1059",139,0,0,0,0,0,1,0,NA
"258499",258499,0015-02-17,"N579UW",461,11057,"Charlotte, NC",14771,"San Francisco, CA","California",1008,38,38,1,2,"0900-0959",58,1106,1326,7,1220,1333,73,73,1,4,"1200-1259",0,38,35,0,0,0,0,1,NA
"258500",258500,0015-02-17,"N662AW",462,11618,"Newark, NJ",11057,"Charlotte, NC","North Carolina",730,90,90,1,6,"0600-0659",43,813,956,10,807,1006,119,119,1,7,"0800-0859",90,0,29,0,0,0,1,0,NA
"258502",258502,0015-02-17,"N162UW",463,13930,"Chicago, IL",11057,"Charlotte, NC","North Carolina",1853,174,174,1,11,"1500-1559",14,1907,2137,7,1853,2144,171,171,1,11,"1800-1859",150,0,0,0,21,1,0,0,NA
"258505",258505,0015-02-17,"N524UW",466,10257,"Albany, NY",11057,"Charlotte, NC","North Carolina",1104,184,184,1,12,"0800-0859",14,1118,1325,12,1030,1337,187,187,1,12,"1000-1059",0,184,3,0,0,0,0,1,NA
"258506",258506,0015-02-17,"N524UW",466,11057,"Charlotte, NC",11292,"Denver, CO","Colorado",1442,172,172,1,11,"1100-1159",15,1457,1614,7,1339,1621,162,162,1,10,"1300-1359",9,0,0,0,153,1,0,0,NA
"258508",258508,0015-02-17,"N121UW",469,11057,"Charlotte, NC",10397,"Atlanta, GA","Georgia",941,111,111,1,7,"0700-0759",18,959,1041,8,910,1049,99,99,1,6,"0900-0959",0,99,0,0,0,0,0,1,NA
"258510",258510,0015-02-17,"N572UW",470,11057,"Charlotte, NC",14679,"San Diego, CA","California",4,354,354,1,12,"1800-1859",12,16,152,4,2031,156,325,325,1,12,"2000-2059",210,0,0,0,115,1,0,0,NA
"258511",258511,0015-02-17,"N194UW",470,15304,"Tampa, FL",11057,"Charlotte, NC","North Carolina",2012,277,277,1,12,"1500-1559",12,2024,2135,8,1715,2143,268,268,1,12,"1700-1759",15,0,0,0,253,1,0,0,NA
"258514",258514,0015-02-17,"N540UW",473,14107,"Phoenix, AZ",13487,"Minneapolis, MN","Minnesota",1726,91,91,1,6,"1500-1559",12,1738,2138,6,1957,2144,107,107,1,7,"1900-1959",0,0,16,0,91,1,0,0,NA
"258522",258522,0015-02-17,"N601AW",481,11292,"Denver, CO",14100,"Philadelphia, PA","Pennsylvania",1324,129,129,1,8,"1100-1159",15,1339,1837,5,1647,1842,115,115,1,7,"1600-1659",2,0,0,0,113,1,0,0,NA
"258523",258523,0015-02-17,"N601AW",481,14100,"Philadelphia, PA",11292,"Denver, CO","Colorado",853,63,63,1,4,"0700-0759",122,1055,1237,5,1019,1242,143,143,1,9,"1000-1059",0,63,80,0,0,0,0,1,NA
"258526",258526,0015-02-17,"N749US",483,14107,"Phoenix, AZ",11884,"Spokane, WA","Washington",1918,78,78,1,5,"1800-1859",11,1929,2055,4,1944,2059,75,75,1,5,"1900-1959",0,0,0,0,75,1,0,0,NA
"258527",258527,0015-02-17,"N819AW",484,14107,"Phoenix, AZ",15016,"St. Louis, MO","Missouri",2036,46,46,1,3,"1900-1959",11,2047,33,4,2343,37,54,54,1,3,"2300-2359",0,0,8,16,30,1,0,0,NA
"258528",258528,0015-02-17,"N171US",486,14107,"Phoenix, AZ",13930,"Chicago, IL","Illinois",2006,26,26,1,1,"1900-1959",29,2035,42,11,2,53,51,51,1,3,"0001-0559",0,0,25,0,26,1,0,0,NA
"258529",258529,0015-02-17,"N171US",486,14679,"San Diego, CA",14107,"Phoenix, AZ","Arizona",1708,53,53,1,3,"1600-1659",11,1719,1912,7,1832,1919,47,47,1,3,"1800-1859",0,0,0,0,47,1,0,0,NA
"258530",258530,0015-02-17,"N154UW",487,11057,"Charlotte, NC",14679,"San Diego, CA","California",822,32,32,1,2,"0700-0759",49,911,1107,5,1012,1112,60,60,1,4,"1000-1059",0,32,28,0,0,0,0,1,NA
"258531",258531,0015-02-17,"N154UW",487,14679,"San Diego, CA",11057,"Charlotte, NC","North Carolina",1211,51,51,1,3,"1100-1159",29,1240,1926,5,1845,1931,46,46,1,3,"1800-1859",4,0,0,0,42,1,0,0,NA
"258538",258538,0015-02-17,"N156UW",495,14100,"Philadelphia, PA",14107,"Phoenix, AZ","Arizona",705,20,20,1,1,"0600-0659",81,826,1111,4,1016,1115,59,59,1,3,"1000-1059",0,20,39,0,0,0,0,1,NA
"258539",258539,0015-02-17,"N156UW",495,14107,"Phoenix, AZ",12892,"Los Angeles, CA","California",1210,55,55,1,3,"1100-1159",12,1222,1222,6,1148,1228,40,40,1,2,"1100-1159",40,0,0,0,0,0,1,0,NA
"258540",258540,0015-02-17,"N672AW",496,14107,"Phoenix, AZ",11292,"Denver, CO","Colorado",2312,17,17,1,1,"2200-2259",12,2324,48,7,35,55,20,20,1,1,"0001-0559",17,0,3,0,0,0,1,0,NA
"258544",258544,0015-02-17,"N651AW",498,14107,"Phoenix, AZ",11278,"Washington, DC","Virginia",1610,20,20,1,1,"1500-1559",15,1625,2204,27,2156,2231,35,35,1,2,"2100-2159",0,0,15,0,20,1,0,0,NA
"258545",258545,0015-02-17,"N651AW",498,14771,"San Francisco, CA",14107,"Phoenix, AZ","Arizona",1223,24,24,1,1,"1100-1159",18,1241,1517,6,1458,1523,25,25,1,1,"1400-1459",0,0,1,0,24,1,0,0,NA
"258547",258547,0015-02-17,"N534UW",499,13303,"Miami, FL",11057,"Charlotte, NC","North Carolina",1952,42,42,1,2,"1900-1959",12,2004,2130,8,2119,2138,19,19,1,1,"2100-2159",0,0,0,0,19,1,0,0,NA
"258550",258550,0015-02-17,"N721UW",501,13487,"Minneapolis, MN",14100,"Philadelphia, PA","Pennsylvania",1135,35,35,1,2,"1100-1159",12,1147,1445,5,1428,1450,22,22,1,1,"1400-1459",0,0,0,0,22,1,0,0,NA
"258551",258551,0015-02-17,"N721UW",501,14100,"Philadelphia, PA",10721,"Boston, MA","Massachusetts",1536,21,21,1,1,"1500-1559",18,1554,1645,12,1628,1657,29,29,1,1,"1600-1659",1,0,8,0,20,1,0,0,NA
"258554",258554,0015-02-17,"N749US",506,15016,"St. Louis, MO",14107,"Phoenix, AZ","Arizona",820,55,55,1,3,"0700-0759",12,832,1020,3,1012,1023,11,11,0,0,"1000-1059",NA,NA,NA,NA,NA,0,0,0,1
"258557",258557,0015-02-17,"N824AW",509,14107,"Phoenix, AZ",12892,"Los Angeles, CA","California",2020,35,35,1,2,"1900-1959",18,2038,2035,10,2013,2045,32,32,1,2,"2000-2059",0,0,0,32,0,0,0,1,NA
"258565",258565,0015-02-17,"N708UW",519,10821,"Baltimore, MD",11057,"Charlotte, NC","North Carolina",1715,100,100,1,6,"1500-1559",19,1734,1859,7,1706,1906,120,120,1,8,"1700-1759",0,10,20,0,90,1,0,0,NA
"258567",258567,0015-02-17,"N524UW",521,11292,"Denver, CO",14107,"Phoenix, AZ","Arizona",1705,135,135,1,9,"1400-1459",9,1714,1838,6,1640,1844,124,124,1,8,"1600-1659",0,0,0,0,124,1,0,0,NA
"258569",258569,0015-02-17,"N650AW",522,10721,"Boston, MA",11057,"Charlotte, NC","North Carolina",1007,37,37,1,2,"0900-0959",19,1026,1243,5,1204,1248,44,44,1,2,"1200-1259",0,0,44,0,0,0,0,1,NA
"258580",258580,0015-02-17,"N752US",534,14122,"Pittsburgh, PA",14107,"Phoenix, AZ","Arizona",804,64,64,1,4,"0700-0759",46,850,1056,4,1004,1100,56,56,1,3,"1000-1059",56,0,0,0,0,0,1,0,NA
"258581",258581,0015-02-17,"N716UW",537,11278,"Washington, DC",11697,"Fort Lauderdale, FL","Florida",2244,29,29,1,1,"2200-2259",20,2304,133,4,55,137,42,42,1,2,"0001-0559",5,0,13,0,24,1,0,0,NA
"258582",258582,0015-02-17,"N732US",540,11697,"Fort Lauderdale, FL",11278,"Washington, DC","Virginia",2112,37,37,1,2,"2000-2059",11,2123,2312,5,2300,2317,17,17,1,1,"2300-2359",8,0,0,0,9,1,0,0,NA
"258586",258586,0015-02-17,"N150UW",545,14107,"Phoenix, AZ",11298,"Dallas/Fort Worth, TX","Texas",2013,23,23,1,1,"1900-1959",10,2023,2314,9,2307,2323,16,16,1,1,"2300-2359",16,0,0,0,0,0,1,0,NA
"258588",258588,0015-02-17,"N180US",547,11697,"Fort Lauderdale, FL",14107,"Phoenix, AZ","Arizona",1935,155,155,1,10,"1700-1759",17,1952,2233,4,2014,2237,143,143,1,9,"2000-2059",143,0,0,0,0,0,1,0,NA
"258590",258590,0015-02-17,"N654AW",548,14831,"San Jose, CA",14107,"Phoenix, AZ","Arizona",1701,51,51,1,3,"1600-1659",8,1709,1942,9,1900,1951,51,51,1,3,"1900-1959",0,0,0,0,51,1,0,0,NA
"258606",258606,0015-02-17,"N915US",563,13930,"Chicago, IL",14107,"Phoenix, AZ","Arizona",1926,141,141,1,9,"1700-1759",14,1940,2143,5,1959,2148,109,109,1,7,"1900-1959",0,0,0,0,109,1,0,0,NA
"258608",258608,0015-02-17,"N834AW",565,11298,"Dallas/Fort Worth, TX",14100,"Philadelphia, PA","Pennsylvania",1303,113,113,1,7,"1100-1159",11,1314,1638,11,1512,1649,97,97,1,6,"1500-1559",12,0,0,0,85,1,0,0,NA
"258609",258609,0015-02-17,"N834AW",565,14100,"Philadelphia, PA",11298,"Dallas/Fort Worth, TX","Texas",750,21,21,1,1,"0700-0759",94,924,1206,8,1022,1214,112,112,1,7,"1000-1059",0,21,91,0,0,0,0,1,NA
"258619",258619,0015-02-17,"N733UW",575,14100,"Philadelphia, PA",14869,"Salt Lake City, UT","Utah",1639,44,44,1,2,"1500-1559",10,1649,1918,11,1900,1929,29,29,1,1,"1900-1959",29,0,0,0,0,0,1,0,NA
"258622",258622,0015-02-17,"N737US",580,14869,"Salt Lake City, UT",14100,"Philadelphia, PA","Pennsylvania",1138,73,73,1,4,"1000-1059",14,1152,1734,4,1627,1738,71,71,1,4,"1600-1659",71,0,0,0,0,0,1,0,NA
"258624",258624,0015-02-17,"N680AW",581,14679,"San Diego, CA",14100,"Philadelphia, PA","Pennsylvania",1207,42,42,1,2,"1100-1159",32,1239,2002,4,1929,2006,37,37,1,2,"1900-1959",37,0,0,0,0,0,1,0,NA
"258628",258628,0015-02-17,"N573UW",585,13487,"Minneapolis, MN",14107,"Phoenix, AZ","Arizona",1827,27,27,1,1,"1800-1859",26,1853,2024,5,2023,2029,6,6,0,0,"2000-2059",NA,NA,NA,NA,NA,0,0,0,1
"258631",258631,0015-02-17,"N191UW",589,11278,"Washington, DC",14107,"Phoenix, AZ","Arizona",1715,15,15,1,1,"1700-1759",16,1731,1959,6,2012,2005,-7,0,0,-1,"2000-2059",NA,NA,NA,NA,NA,0,0,0,1
